Station No,Road Link,Location,AADT,AADT excluding MC & Rickshaws,AADT in PCUs,AADT in PCUs excluding MC & Rickshaws,Year,More info
1,F00101,Birtamod South,5247,1615,4710,2586,2011/012,view detail
1,F00101,Birtamod South,5251,1485,4400,2254,2012/013,view detail
1,F00101,Birtamod South,5183,1109,3695,1629,2014/015,view detail
1,F00101,Birtamod South,4545,1218,3591,1808,2015/016,view detail
1,F00101,Birtamod South,8219,4223,6498,4500,2016/017,view detail
1,F00101,Birtamod South,22417,10398,16282,10271,2018/019,view detail
1,NH04-001,Birtamod South,12330,3928,8797,4596,2020/021,view detail
1,NH04-001,Birtamod South,12469,4576,8771,4825,2021/022,view detail
2,H0101,Charali East,6811,3006,7150,5245,2011/012,view detail
2,H0101,Charali East,7750,2981,7506,5138,2012/013,view detail
2,H0101,Charali East,7672,2974,7394,4987,2014/015,view detail
2,H0101,Charali East,8053,4016,9115,7071,2015/016,view detail
2,H0101,Charali East,10319,5768,11825,9534,2016/017,view detail
2,H0101,Charali East,16040,6895,13443,8850,2018/019,view detail
2,NH01-001,Charali East,17170,7331,16643,11720,2020/021,view detail
2,NH01-001,Charali East,14769,6770,13945,9938,2021/022,view detail
3,H0102,Charali West,7766,4254,9588,9588,2011/012,view detail
3,H0102,Charali West,8326,3943,9518,9518,2012/013,view detail
3,H0102,Charali West,7600,3525,8099,6034,2014/015,view detail
3,H0102,Charali West,10065,5258,11357,8947,2015/016,view detail
3,H0102,Charali West,11500,6176,12504,9839,2016/017,view detail
3,H0102,Charali West,15614,6557,13435,8845,2018/019,view detail
3,NH01-002,Charali West,46156,20828,37159,24491,2020/021,view detail
3,NH01-002,Charali West,36969,17773,30171,20572,2021/022,view detail
4,H0705,Charali North,4520,2040,5240,3815,2011/012,view detail
4,H0705,Charali North,5217,1748,5109,3143,2012/013,view detail
4,H0705,Charali North,6970,1806,5400,2613,2014/015,view detail
4,H0705,Charali North,6757,3102,5857,4000,2015/016,view detail
4,H0705,Charali North,8241,4156,6947,4886,2016/017,view detail
4,H0705,Charali North,11149,5579,9434,6647,2018/019,view detail
4,NH02-004,Charali North,11524,5166,9795,6614,2020/021,view detail
4,NH02-004,Charali North,10724,5339,9054,6361,2021/022,view detail
5,F00201,Damak South,3378,591,2465,960,2011/012,view detail
5,F00201,Damak South,3809,1083,3525,2033,2012/013,view detail
5,F00201,Damak South,8744,1236,5950,2101,2014/015,view detail
5,F00201,Damak South,5389,956,3942,1629,2015/016,view detail
5,F00201,Damak South,5684,1718,5035,2701,2016/017,view detail
5,F00201,Damak South,8180,3417,6102,3718,2018/019,view detail
5,F00201,Damak South,7489,3071,6229,4018,2020/021,view detail
5,F00201,Damak South,7266,3187,5936,3895,2021/022,view detail
6,H0105,Damak West,7803,3129,8277,5788,2011/012,view detail
6,H0105,Damak West,6729,2806,7666,5599,2012/013,view detail
6,H0105,Damak West,11071,6513,14082,11680,2014/015,view detail
6,H0105,Damak West,4202,1768,4520,3216,2015/016,view detail
6,H0105,Damak West,13859,6553,13575,9886,2016/017,view detail
6,H0105,Damak West,21977,10527,18661,12936,2018/019,view detail
6,NH01-005,Damak West,30011,13322,26557,18207,2020/021,view detail
6,NH01-005,Damak West,28252,13156,24718,17170,2021/022,view detail
7,F03801,Fikkal East,1058,590,1016,782,2011/012,view detail
7,F03801,Fikkal East,993,640,1048,872,2012/013,view detail
7,F03801,Fikkal East,1054,662,1088,892,2014/015,view detail
7,F03801,Fikkal East,1005,630,1030,843,2015/016,view detail
7,F03801,Fikkal East,1859,1192,1749,1416,2016/017,view detail
7,F03801,Fikkal East,4977,3047,4970,4005,2018/019,view detail
7,F03801,Fikkal East,2776,1331,2301,1579,2020/021,view detail
7,F03801,Fikkal East,2200,1111,1784,1240,2021/022,view detail
8,H0707,Fikkal West,1581,921,1557,1228,2011/012,view detail
8,H0707,Fikkal West,1944,1080,1939,1507,2012/013,view detail
8,H0707,Fikkal West,2057,1100,1952,1473,2014/015,view detail
8,H0707,Fikkal West,1805,978,1745,1332,2015/016,view detail
8,H0707,Fikkal West,3306,2292,3423,2916,2016/017,view detail
8,H0707,Fikkal West,8341,5457,7994,6551,2018/019,view detail
8,NH02-006,Fikkal West,4836,2487,4249,3075,2020/021,view detail
8,NH02-006,Fikkal West,3531,1825,3059,2206,2021/022,view detail
9,H0709,Ilam North,1351,738,1270,964,2011/012,view detail
9,H0709,Ilam North,902,617,1169,1027,2012/013,view detail
9,H0709,Ilam North,1480,913,1533,1250,2014/015,view detail
9,H0709,Ilam North,1162,744,1274,1065,2015/016,view detail
9,H0709,Ilam North,2489,1261,2138,1524,2016/017,view detail
9,H0709,Ilam North,2667,1689,2764,2275,2018/019,view detail
9,NH02-008,Ilam North,2714,1323,2499,1803,2020/021,view detail
9,NH02-008,Ilam North,2523,1145,2223,1535,2021/022,view detail
10,H0711,Phidim North,920,670,1288,1163,2011/012,view detail
10,H0711,Phidim North,773,490,971,830,2012/013,view detail
10,H0711,Phidim North,953,844,1546,1491,2014/015,view detail
10,H0711,Phidim North,812,652,1212,1132,2015/016,view detail
10,H0711,Phidim North,779,401,750,561,2016/017,view detail
10,H0711,Phidim North,1214,678,1286,1019,2018/019,view detail
10,NH02-010,Phidim North,982,528,926,699,2020/021,view detail
10,NH02-010,Phidim North,929,527,979,778,2021/022,view detail
11,F03901,Biratnagar East,5325,1862,6625,4589,2011/012,view detail
11,F03901,Biratnagar East,4480,767,3584,1374,2012/013,view detail
11,F03901,Biratnagar East,5720,1792,5898,3117,2014/015,view detail
11,F03901,Biratnagar East,4568,1317,4528,2413,2015/016,view detail
11,F03901,Biratnagar East,3043,883,2294,1214,2016/017,view detail
11,F03901,Biratnagar East,11608,4922,9322,5969,2018/019,view detail
11,NH05-004,Biratnagar East,16700,5867,12417,6999,2020/021,view detail
11,NH05-004,Biratnagar East,15574,6203,11337,6651,2021/022,view detail
12,H0803,Itahari South,18302,7725,21234,14551,2011/012,view detail
12,H0803,Itahari South,12083,5662,14329,10409,2012/013,view detail
12,H0803,Itahari South,14634,8704,17006,13802,2014/015,view detail
12,H0803,Itahari South,13101,5711,13882,9989,2015/016,view detail
12,H0803,Itahari South,13223,9281,17397,15334,2016/017,view detail
12,H0803,Itahari South,32725,16964,29133,21247,2018/019,view detail
12,NH08-004,Itahari South,29057,15794,26578,19932,2020/021,view detail
12,NH08-004,Itahari South,28772,15502,25447,18812,2021/022,view detail
13,H0108,Ithari East,9059,3925,9413,6726,2011/012,view detail
13,H0108,Ithari East,7769,3287,8101,5793,2012/013,view detail
13,H0108,Ithari East,9997,6012,12287,9839,2014/015,view detail
13,H0108,Ithari East,10141,5580,12343,10037,2015/016,view detail
13,H0108,Ithari East,20123,12275,24092,20120,2016/017,view detail
13,H0108,Ithari East,33794,17053,30495,22123,2018/019,view detail
13,NH01-008,Ithari East,37625,18794,34552,25113,2020/021,view detail
13,NH01-008,Ithari East,35598,18300,30274,21621,2021/022,view detail
14,H0109,Ithari West,8118,3932,10484,8094,2011/012,view detail
14,H0109,Ithari West,10116,3889,10536,6949,2012/013,view detail
14,H0109,Ithari West,10044,4138,10256,6884,2014/015,view detail
14,H0109,Ithari West,6227,4029,8435,7225,2015/016,view detail
14,H0109,Ithari West,10638,6103,12065,9675,2016/017,view detail
14,H0109,Ithari West,28029,13488,23818,16545,2018/019,view detail
14,NH01-009,Ithari West,33345,16432,29397,20921,2020/021,view detail
14,NH01-009,Ithari West,33775,17335,30264,22013,2021/022,view detail
15,H0804,Itahari North,10852,3605,10168,6091,2011/012,view detail
15,H0804,Itahari North,9352,2964,8796,5213,2012/013,view detail
15,H0804,Itahari North,10124,3274,8790,5065,2014/015,view detail
15,H0804,Itahari North,9884,3664,9417,6025,2015/016,view detail
15,H0804,Itahari North,23603,11338,19360,13174,2016/017,view detail
15,H0804,Itahari North,28119,13148,23160,15675,2018/019,view detail
15,NH08-005,Itahari North,23500,10322,19341,12752,2020/021,view detail
15,NH08-005,Itahari North,29692,14942,24292,16914,2021/022,view detail
16,H0111,Koshi Barrage East,3326,1776,4478,3673,2011/012,view detail
16,H0111,Koshi Barrage East,4719,2179,5347,4022,2012/013,view detail
16,H0111,Koshi Barrage East,4203,2773,6194,5422,2014/015,view detail
16,H0111,Koshi Barrage East,3411,2015,4849,4109,2015/016,view detail
16,H0111,Koshi Barrage East,9133,6425,13350,11893,2016/017,view detail
16,H0111,Koshi Barrage East,7809,3612,9340,6889,2018/019,view detail
16,NH01-011,Koshi Barrage East,6564,3725,9553,8132,2020/021,view detail
16,NH01-011,Koshi Barrage East,7331,4646,11511,10168,2021/022,view detail
17,H0806,Dharan North,1310,972,1896,1727,2011/012,view detail
17,H0806,Dharan North,2256,729,1974,1210,2012/013,view detail
17,H0806,Dharan North,2530,1315,2841,2234,2014/015,view detail
17,H0806,Dharan North,1965,891,2079,1542,2015/016,view detail
17,H0806,Dharan North,4509,1882,3861,2547,2016/017,view detail
17,H0806,Dharan North,18059,9151,13216,8762,2018/019,view detail
17,NH08-007,Dharan North,4707,1961,4326,2954,2020/021,view detail
17,NH08-007,Dharan North,4056,1691,3577,2394,2021/022,view detail
18,F04004,Basantapur East,224,181,326,305,2011/012,view detail
18,F04004,Basantapur East,392,271,521,461,2012/013,view detail
18,F04004,Basantapur East,778,429,836,661,2014/015,view detail
18,F04004,Basantapur East,477,294,567,475,2015/016,view detail
18,F04004,Basantapur East,66,39,96,83,2016/017,view detail
18,F04004,Basantapur East,323,148,366,278,2018/019,view detail
18,NH03-006,Basantapur East,408,249,586,506,2020/021,view detail
18,NH03-006,Basantapur East,511,220,494,349,2021/022,view detail
19,F04001,Hile North,921,723,1337,1238,2011/012,view detail
19,F04001,Hile North,1115,680,1483,1265,2012/013,view detail
19,F04001,Hile North,1812,1197,2009,1702,2014/015,view detail
19,F04001,Hile North,1121,752,1331,1147,2015/016,view detail
19,F04001,Hile North,1633,791,1769,1348,2016/017,view detail
19,F04001,Hile North,2021,854,2050,1467,2018/019,view detail
19,NH03-009,Hile North,1557,792,1616,1233,2020/021,view detail
19,NH03-009,Hile North,1917,907,1936,1430,2021/022,view detail
20,H1807,Pakhribas,328,249,439,399,2011/012,view detail
20,H1807,Pakhribas,685,439,867,744,2012/013,view detail
20,H1807,Pakhribas,886,467,849,639,2014/015,view detail
20,H1807,Pakhribas,639,383,691,563,2015/016,view detail
20,H1807,Pakhribas,1045,699,1185,1012,2016/017,view detail
20,H1807,Pakhribas,1256,579,1167,829,2018/019,view detail
20,NH03-010,Pakhribas,1030,554,1120,882,2020/021,view detail
20,NH03-010,Pakhribas,1521,779,1513,1142,2021/022,view detail
21,F00301,Bhardaha South,1228,556,1475,1119,2011/012,view detail
21,F00301,Bhardaha South,1536,642,1636,1155,2012/013,view detail
21,F00301,Bhardaha South,3595,1459,4171,3102,2014/015,view detail
21,F00301,Bhardaha South,2189,912,2497,1848,2015/016,view detail
21,F00301,Bhardaha South,2711,1124,2565,1767,2016/017,view detail
21,F00301,Bhardaha South,3626,1532,3181,2116,2018/019,view detail
21,F00301,Bhardaha South,3711,1304,3206,1982,2020/021,view detail
21,F00301,Bhardaha South,3402,1336,2884,1823,2021/022,view detail
22,F00401,Rupani South,1268,490,1340,940,2011/012,view detail
22,F00401,Rupani South,1724,771,1878,1361,2012/013,view detail
22,F00401,Rupani South,2518,587,2038,1071,2014/015,view detail
22,F00401,Rupani South,1868,575,1704,1044,2015/016,view detail
22,F00401,Rupani South,3699,1261,2984,1763,2016/017,view detail
22,F00401,Rupani South,4621,1321,3539,1889,2018/019,view detail
22,F00401,Rupani South,4880,1448,4139,2422,2020/021,view detail
22,F00401,Rupani South,4059,1385,3636,2297,2021/022,view detail
23,H0115,Lahan East,4703,2159,6114,4837,2011/012,view detail
23,H0115,Lahan East,4279,2140,5466,4329,2012/013,view detail
23,H0115,Lahan East,7132,2812,7863,5679,2014/015,view detail
23,H0115,Lahan East,5157,2143,5849,4312,2015/016,view detail
23,H0115,Lahan East,11333,6450,15036,12569,2016/017,view detail
23,H0115,Lahan East,14289,7452,18138,14719,2018/019,view detail
23,NH01-015,Lahan East,12690,5744,14999,11525,2020/021,view detail
23,NH01-015,Lahan East,10519,4889,12815,10000,2021/022,view detail
24,H0901,Kadmaha North,1440,523,1540,1077,2011/012,view detail
24,H0901,Kadmaha North,1636,800,2021,1589,2012/013,view detail
24,H0901,Kadmaha North,2868,614,2252,1119,2014/015,view detail
24,H0901,Kadmaha North,2571,901,2565,1713,2015/016,view detail
24,H0901,Kadmaha North,4017,1703,4245,3086,2016/017,view detail
24,H0901,Kadmaha North,4471,1667,3995,2593,2018/019,view detail
24,NH16-003,Kadmaha North,3898,1353,3536,2263,2020/021,view detail
24,NH16-003,Kadmaha North,3842,1224,3332,2020,2021/022,view detail
25,F00501,Chourhwa South,1991,719,1949,1307,2011/012,view detail
25,F00501,Chourhwa South,2424,798,2190,1368,2012/013,view detail
25,F00501,Chourhwa South,3118,747,2459,1274,2014/015,view detail
25,F00501,Chourhwa South,2399,691,2034,1178,2015/016,view detail
25,F00501,Chourhwa South,5238,1780,4273,2535,2016/017,view detail
25,F00501,Chourhwa South,4704,1084,3427,1617,2018/019,view detail
25,NH20-002,Chourhwa South,6380,1857,5181,2919,2020/021,view detail
25,NH20-002,Chourhwa South,6185,2036,5328,3251,2021/022,view detail
26,F05201,Mirchaiya North,1834,690,2334,1727,2011/012,view detail
26,F05201,Mirchaiya North,1649,747,2293,1832,2012/013,view detail
26,F05201,Mirchaiya North,2059,635,1863,1151,2014/015,view detail
26,F05201,Mirchaiya North,1727,628,1915,1356,2015/016,view detail
26,F05201,Mirchaiya North,2749,1399,3889,3206,2016/017,view detail
26,F05201,Mirchaiya North,2732,1319,2511,1803,2018/019,view detail
26,NH20-003,Mirchaiya North,3058,1560,4778,4028,2020/021,view detail
26,NH20-003,Mirchaiya North,2764,752,2230,1224,2021/022,view detail
27,F05203,Katari North,324,238,512,469,2011/012,view detail
27,F05203,Katari North,383,264,585,525,2012/013,view detail
27,F05203,Katari North,984,282,786,426,2014/015,view detail
27,F05203,Katari North,603,246,608,424,2015/016,view detail
27,F05203,Katari North,1667,968,1770,1417,2016/017,view detail
27,F05203,Katari North,3462,1849,3187,2380,2018/019,view detail
27,NH20-005,Katari North,760,400,913,732,2020/021,view detail
27,NH20-005,Katari North,1929,1015,1900,1442,2021/022,view detail
28,F10901,Dharapani South,683,269,666,455,2011/012,view detail
28,F10901,Dharapani South,308,148,402,316,2012/013,view detail
28,F10901,Dharapani South,292,105,259,165,2014/015,view detail
28,F10901,Dharapani South,341,132,319,211,2015/016,view detail
28,F10901,Dharapani South,1178,263,830,372,2016/017,view detail
28,F10901,Dharapani South,9144,4986,11411,9332,2018/019,view detail
28,NH30-002,Dharapani South,1647,316,1112,447,2020/021,view detail
28,NH30-002,Dharapani South,1094,231,775,342,2021/022,view detail
29,H0604,Dhalkebar South,2861,1437,4132,3417,2011/012,view detail
29,H0604,Dhalkebar South,2548,1542,3890,3387,2012/013,view detail
29,H0604,Dhalkebar South,4978,2053,5176,3694,2014/015,view detail
29,H0604,Dhalkebar South,3458,1547,3968,3002,2015/016,view detail
29,H0604,Dhalkebar South,5457,2823,6473,5155,2016/017,view detail
29,H0604,Dhalkebar South,8299,3501,8637,6236,2018/019,view detail
29,NH22-001,Dhalkebar South,7673,3398,8413,6275,2020/021,view detail
29,NH22-001,Dhalkebar South,7523,3279,7973,5849,2021/022,view detail
30,H0120,Dhalkebar East,3906,2366,6493,5722,2011/012,view detail
30,H0120,Dhalkebar East,4725,2168,6193,4873,2012/013,view detail
30,H0120,Dhalkebar East,3418,2268,5431,4854,2014/015,view detail
30,H0120,Dhalkebar East,3446,2018,5085,4357,2015/016,view detail
30,H0120,Dhalkebar East,4611,2288,5486,4321,2016/017,view detail
30,H0120,Dhalkebar East,13572,6227,15666,11993,2018/019,view detail
30,NH01-020,Dhalkebar East,11625,5331,14479,11332,2020/021,view detail
30,NH01-020,Dhalkebar East,8962,4375,10809,8515,2021/022,view detail
31,H0121,Bardibas East,3095,1705,4688,3985,2011/012,view detail
31,H0121,Bardibas East,3662,2000,5198,4342,2012/013,view detail
31,H0121,Bardibas East,4974,2857,7665,6606,2014/015,view detail
31,H0121,Bardibas East,3915,2258,5960,5121,2015/016,view detail
31,H0121,Bardibas East,8635,4748,11053,9105,2016/017,view detail
31,H0121,Bardibas East,13811,6072,14593,10724,2018/019,view detail
31,NH01-021,Bardibas East,10603,5561,14118,11597,2020/021,view detail
31,NH01-021,Bardibas East,10336,5498,13250,10831,2021/022,view detail
32,H0602,Dhudhmati Bridge,1833,642,1828,1216,2011/012,view detail
32,H0602,Dhudhmati Bridge,1850,766,2404,1804,2012/013,view detail
32,H0602,Dhudhmati Bridge,5908,1335,4945,2516,2014/015,view detail
32,H0602,Dhudhmati Bridge,4225,1099,3436,1858,2015/016,view detail
32,H0602,Dhudhmati Bridge,5007,2036,4381,2871,2016/017,view detail
32,H0602,Dhudhmati Bridge,10164,2414,6582,2686,2018/019,view detail
32,H0602,Dhudhmati Bridge,5261,970,3685,1537,2020/021,view detail
32,H0602,Dhudhmati Bridge,5368,1235,3852,1784,2021/022,view detail
33,F11401,Bardibas South,1702,630,1648,1102,2011/012,view detail
33,F11401,Bardibas South,1753,835,1963,1470,2012/013,view detail
33,F11401,Bardibas South,1893,678,1638,1031,2014/015,view detail
33,F11401,Bardibas South,1679,648,1561,1032,2015/016,view detail
33,F11401,Bardibas South,4855,2242,4181,2869,2016/017,view detail
33,F11401,Bardibas South,6893,1703,4779,2185,2018/019,view detail
33,NH28-004,Bardibas South,4775,1557,3396,1787,2020/021,view detail
33,NH28-004,Bardibas South,3492,1334,2807,1727,2021/022,view detail
34,H0605,Bardibas North,1718,536,1629,1034,2011/012,view detail
34,H0605,Bardibas North,1421,659,1772,1384,2012/013,view detail
34,H0605,Bardibas North,1231,522,1259,905,2014/015,view detail
34,H0605,Bardibas North,1299,506,1343,943,2015/016,view detail
34,H0605,Bardibas North,3872,1754,3781,2722,2016/017,view detail
34,H0605,Bardibas North,9756,4097,8745,5916,2018/019,view detail
34,NH13-001,Bardibas North,7429,3095,6748,4580,2020/021,view detail
34,NH13-001,Bardibas North,7784,3235,7035,4760,2021/022,view detail
35,F00601,Nawalpur South,1943,1034,3296,2811,2011/012,view detail
35,F00601,Nawalpur South,1580,851,2158,1763,2012/013,view detail
35,F00601,Nawalpur South,1238,448,1204,808,2014/015,view detail
35,F00601,Nawalpur South,1388,618,1696,1293,2015/016,view detail
35,F00601,Nawalpur South,3800,2146,5065,4233,2016/017,view detail
35,F00601,Nawalpur South,2683,840,2401,1479,2018/019,view detail
35,NH32-001,Nawalpur South,4710,1792,4643,3185,2020/021,view detail
35,NH32-001,Nawalpur South,3879,1372,3435,2173,2021/022,view detail
36,H0125,Karmaiya,4276,2583,7439,6574,2011/012,view detail
36,H0125,Karmaiya,3696,2665,6720,6182,2012/013,view detail
36,H0125,Karmaiya,6420,3308,8706,7147,2014/015,view detail
36,H0125,Karmaiya,4722,2675,7153,6120,2015/016,view detail
36,H0125,Karmaiya,6613,4404,10165,9059,2016/017,view detail
36,H0125,Karmaiya,9307,4478,11492,9077,2018/019,view detail
36,NH01-025,Karmaiya,6821,4141,11466,10126,2020/021,view detail
36,NH01-025,Karmaiya,6791,4199,10802,9505,2021/022,view detail
37,F03204,Tamakoshi East,372,271,616,566,2011/012,view detail
37,F03204,Tamakoshi East,705,481,1167,1055,2012/013,view detail
37,F03204,Tamakoshi East,1535,1069,2160,1927,2014/015,view detail
37,F03204,Tamakoshi East,985,694,1478,1332,2015/016,view detail
37,F03204,Tamakoshi East,419,224,440,343,2016/017,view detail
37,F03204,Tamakoshi East,920,580,1437,1267,2018/019,view detail
37,NH28-009,Tamakoshi East,723,416,1089,935,2020/021,view detail
37,NH28-009,Tamakoshi East,495,267,642,528,2021/022,view detail
38,F03301,Tamakoshi South,237,160,358,320,2011/012,view detail
38,F03301,Tamakoshi South,442,268,668,581,2012/013,view detail
38,F03301,Tamakoshi South,1511,994,1944,1686,2014/015,view detail
38,F03301,Tamakoshi South,824,550,1121,984,2015/016,view detail
38,F03301,Tamakoshi South,278,162,330,272,2016/017,view detail
38,F03301,Tamakoshi South,423,293,507,441,2018/019,view detail
38,NH23-006,Tamakoshi South,602,400,982,880,2020/021,view detail
38,NH23-006,Tamakoshi South,414,211,470,369,2021/022,view detail
39,F00701,Chandranigahpur South,3617,1000,3832,2212,2011/012,view detail
39,F00701,Chandranigahpur South,2632,1316,3385,2631,2012/013,view detail
39,F00701,Chandranigahpur South,1533,1126,2248,2032,2014/015,view detail
39,F00701,Chandranigahpur South,2117,1114,2680,2090,2015/016,view detail
39,F00701,Chandranigahpur South,6689,2921,5646,3731,2016/017,view detail
39,F00701,Chandranigahpur South,17303,6485,12200,6791,2018/019,view detail
39,NH36-001,Chandranigahpur South,13258,5004,10707,6580,2020/021,view detail
39,NH36-001,Chandranigahpur South,11992,4515,9693,5955,2021/022,view detail
40,H0204,Pathalaiya South,4771,3535,9908,9268,2011/012,view detail
40,H0204,Pathalaiya South,4708,3582,10069,9499,2012/013,view detail
40,H0204,Pathalaiya South,5601,3909,9946,9100,2014/015,view detail
40,H0204,Pathalaiya South,4548,3108,8291,7567,2015/016,view detail
40,H0204,Pathalaiya South,8060,5919,14599,13525,2016/017,view detail
40,H0204,Pathalaiya South,11857,7245,17366,15059,2018/019,view detail
40,NH41-003,Pathalaiya South,9083,5883,17105,15505,2020/021,view detail
40,NH41-003,Pathalaiya South,7923,5506,14912,13704,2021/022,view detail
41,H0128,Pathlaiya East,4965,3147,9009,8071,2011/012,view detail
41,H0128,Pathlaiya East,3357,2376,6261,5756,2012/013,view detail
41,H0128,Pathlaiya East,5143,2903,6462,5342,2014/015,view detail
41,H0128,Pathlaiya East,3883,2518,6705,6022,2015/016,view detail
41,H0128,Pathlaiya East,5642,4050,10040,9243,2016/017,view detail
41,H0128,Pathlaiya East,8571,5441,12450,10885,2018/019,view detail
41,NH01-028,Pathlaiya East,6721,4504,12750,11641,2020/021,view detail
41,NH01-028,Pathlaiya East,5946,4141,11652,10749,2021/022,view detail
42,H0129,Pathlaiya North,4998,3765,10764,10138,2011/012,view detail
42,H0129,Pathlaiya North,4835,3800,10833,10314,2012/013,view detail
42,H0129,Pathlaiya North,4926,3884,10568,10047,2014/015,view detail
42,H0129,Pathlaiya North,7420,3900,10148,8386,2015/016,view detail
42,H0129,Pathlaiya North,6485,5038,12658,11934,2016/017,view detail
42,H0129,Pathlaiya North,11924,8441,19082,17340,2018/019,view detail
42,NH01-029,Pathlaiya North,9962,6932,20605,19088,2020/021,view detail
42,NH01-029,Pathlaiya North,8844,6338,19215,17962,2021/022,view detail
43,F01801,Birgunj East,1281,550,1625,1246,2011/012,view detail
43,F01801,Birgunj East,1955,930,2508,1952,2012/013,view detail
43,F01801,Birgunj East,1946,1253,2833,2486,2014/015,view detail
43,F01801,Birgunj East,1643,917,2207,1828,2015/016,view detail
43,F01801,Birgunj East,7098,2208,6145,3673,2016/017,view detail
43,F01801,Birgunj East,4429,1931,4169,2908,2018/019,view detail
43,NH05-020,Birgunj East,16723,4400,13112,6951,2020/021,view detail
43,NH05-020,Birgunj East,13272,3581,10214,5366,2021/022,view detail
44,H0132,Hetauda West,6253,4678,12729,11939,2011/012,view detail
44,H0132,Hetauda West,5564,4030,11017,10249,2012/013,view detail
44,H0132,Hetauda West,8557,5489,13551,11999,2014/015,view detail
44,H0132,Hetauda West,7913,4216,10866,9017,2015/016,view detail
44,H0132,Hetauda West,13313,9780,19770,18003,2016/017,view detail
44,H0132,Hetauda West,14352,9116,15490,12824,2018/019,view detail
44,NH01-032,Hetauda West,15388,9763,26705,23892,2020/021,view detail
44,NH01-032,Hetauda West,14078,9043,23958,21440,2021/022,view detail
45,H0205,Hetauda North,2304,1426,3024,2585,2011/012,view detail
45,H0205,Hetauda North,2813,1714,3460,2911,2012/013,view detail
45,H0205,Hetauda North,6046,3478,5991,4590,2014/015,view detail
45,H0205,Hetauda North,3233,1773,3454,2714,2015/016,view detail
45,H0205,Hetauda North,4303,2699,4496,3692,2016/017,view detail
45,H0205,Hetauda North,13482,9383,13029,10979,2018/019,view detail
45,NH41-004,Hetauda North,5071,2704,5382,4198,2020/021,view detail
45,NH41-004,Hetauda North,5630,2973,5427,4097,2021/022,view detail
46,F01901,Bhainse Junction,1408,797,1167,862,2011/012,view detail
46,F01901,Bhainse Junction,1488,851,1242,924,2012/013,view detail
46,F01901,Bhainse Junction,1060,645,1154,946,2014/015,view detail
46,F01901,Bhainse Junction,1148,648,1076,826,2015/016,view detail
46,F01901,Bhainse Junction,1806,1053,1525,1149,2016/017,view detail
46,F01901,Bhainse Junction,5877,2695,4521,2930,2018/019,view detail
46,F01901,Bhainse Junction,1234,669,1752,1469,2020/021,view detail
46,F01901,Bhainse Junction,2332,1394,2285,1816,2021/022,view detail
47,F02001,Palung,635,296,867,698,2011/012,view detail
47,F02001,Palung,743,267,687,449,2012/013,view detail
47,F02001,Palung,793,322,633,398,2014/015,view detail
47,F02001,Palung,663,269,609,412,2015/016,view detail
47,F02001,Palung,538,250,489,345,2016/017,view detail
47,F02001,Palung,381,169,313,207,2018/019,view detail
47,F02001,Palung,621,240,545,354,2020/021,view detail
47,F02001,Palung,524,203,475,314,2021/022,view detail
48,H0134,Narayanghat East,5677,4118,11888,11105,2011/012,view detail
48,H0134,Narayanghat East,4629,3419,10014,9405,2012/013,view detail
48,H0134,Narayanghat East,11083,5794,14680,11993,2014/015,view detail
48,H0134,Narayanghat East,7795,4745,12522,10975,2015/016,view detail
48,H0134,Narayanghat East,14859,8182,21387,18040,2016/017,view detail
48,H0134,Narayanghat East,24823,9844,26511,18310,2018/019,view detail
48,NH01-034,Narayanghat East,26788,13274,36452,29695,2020/021,view detail
48,NH01-034,Narayanghat East,22951,10884,28082,22049,2021/022,view detail
49,F07301,Narayanghat West,5771,3572,9484,8297,2011/012,view detail
49,F07301,Narayanghat West,8500,3682,10881,8300,2012/013,view detail
49,F07301,Narayanghat West,10606,5501,12657,10052,2014/015,view detail
49,F07301,Narayanghat West,8983,4628,11679,9408,2015/016,view detail
49,F07301,Narayanghat West,11900,7174,15247,12867,2016/017,view detail
49,F07301,Narayanghat West,18681,8370,20718,14770,2018/019,view detail
49,F07301,Narayanghat West,11874,7996,19401,17462,2020/021,view detail
49,F07301,Narayanghat West,11419,7570,17477,15551,2021/022,view detail
50,H0503,Mugling South,5168,4506,14441,14110,2011/012,view detail
50,H0503,Mugling South,5326,4387,14050,13581,2012/013,view detail
50,H0503,Mugling South,6951,6016,13406,12938,2014/015,view detail
50,H0503,Mugling South,6177,5301,12905,12468,2015/016,view detail
50,H0503,Mugling South,7179,6243,15150,14682,2016/017,view detail
50,H0503,Mugling South,9208,7572,20364,19546,2018/019,view detail
50,NH44-004,Mugling South,11103,8578,22492,21230,2020/021,view detail
50,NH44-004,Mugling South,9692,7607,19470,18428,2021/022,view detail
51,H0404,Mugling East,5284,4729,11073,10796,2011/012,view detail
51,H0404,Mugling East,6605,5222,13203,12511,2012/013,view detail
51,H0404,Mugling East,7337,5532,11728,10825,2014/015,view detail
51,H0404,Mugling East,6788,5255,12130,11364,2015/016,view detail
51,H0404,Mugling East,8293,6808,15523,14781,2016/017,view detail
51,H0404,Mugling East,6952,5383,13575,12790,2018/019,view detail
51,NH17-004,Mugling East,11024,8084,19754,18277,2020/021,view detail
51,NH17-004,Mugling East,9733,7289,16778,15555,2021/022,view detail
52,H0405,Mugling West,3458,2881,6104,5816,2011/012,view detail
52,H0405,Mugling West,3342,2403,5293,4823,2012/013,view detail
52,H0405,Mugling West,4479,2519,5615,4634,2014/015,view detail
52,H0405,Mugling West,3924,2613,5673,5018,2015/016,view detail
52,H0405,Mugling West,4625,3429,7066,6468,2016/017,view detail
52,H0405,Mugling West,6335,4354,8902,7911,2018/019,view detail
52,NH17-005,Mugling West,6020,3871,8254,7177,2020/021,view detail
52,NH17-005,Mugling West,6791,4475,9281,8122,2021/022,view detail
53,H0310,Dhulikhel East,2964,1895,4305,3770,2011/012,view detail
53,H0310,Dhulikhel East,4107,2139,5312,4321,2012/013,view detail
53,H0310,Dhulikhel East,4426,3773,7803,7476,2014/015,view detail
53,H0310,Dhulikhel East,3752,2688,5845,5307,2015/016,view detail
53,H0310,Dhulikhel East,4828,2743,6753,5710,2016/017,view detail
53,H0310,Dhulikhel East,9619,6920,15487,14138,2018/019,view detail
53,NH34-010,Dhulikhel East,10291,5264,13069,10555,2020/021,view detail
53,NH34-010,Dhulikhel East,9813,6014,15280,13381,2021/022,view detail
54,H0610,Dhulikhel South,1404,807,1686,1388,2011/012,view detail
54,H0610,Dhulikhel South,2683,1219,2990,2107,2012/013,view detail
54,H0610,Dhulikhel South,2893,2310,4602,4311,2014/015,view detail
54,H0610,Dhulikhel South,2314,1534,3274,2850,2015/016,view detail
54,H0610,Dhulikhel South,4751,2663,5270,4225,2016/017,view detail
54,H0610,Dhulikhel South,10088,4886,9208,6604,2018/019,view detail
54,NH13-006,Dhulikhel South,10286,4944,9912,7240,2020/021,view detail
54,NH13-006,Dhulikhel South,11158,5842,11663,9005,2021/022,view detail
55,F02901,Banepa South,7695,2000,6223,3366,2011/012,view detail
55,F02901,Banepa South,4965,2060,5194,3741,2012/013,view detail
55,F02901,Banepa South,9373,4359,10544,7921,2014/015,view detail
55,F02901,Banepa South,3632,1457,3820,2732,2015/016,view detail
55,F02901,Banepa South,6231,2858,7607,5919,2016/017,view detail
55,F02901,Banepa South,12269,4603,10462,6539,2018/019,view detail
55,F02901,Banepa South,12021,4660,12341,8592,2020/021,view detail
55,F02901,Banepa South,11578,4151,10046,6311,2021/022,view detail
56,H0311,Panchkhal-Police Chauki,3526,1993,4774,4008,2011/012,view detail
56,H0311,Panchkhal-Police Chauki,3763,2207,5276,4498,2012/013,view detail
56,H0311,Panchkhal-Police Chauki,4091,2957,6355,5789,2014/015,view detail
56,H0311,Panchkhal-Police Chauki,3909,2619,5875,5230,2015/016,view detail
56,H0311,Panchkhal-Police Chauki,4990,3321,8250,7416,2016/017,view detail
56,H0311,Panchkhal-Police Chauki,2172,1550,2654,2343,2018/019,view detail
56,NH34-011,Panchkhal-Police Chauki,8779,4774,12545,10524,2020/021,view detail
56,NH34-011,Panchkhal-Police Chauki,9495,5534,14748,12767,2021/022,view detail
57,F03001,Panchkhal-Helambu,1093,693,1773,1573,2011/012,view detail
57,F03001,Panchkhal-Helambu,1418,746,1990,1654,2012/013,view detail
57,F03001,Panchkhal-Helambu,2409,1971,4347,4128,2014/015,view detail
57,F03001,Panchkhal-Helambu,2145,1470,3374,3036,2015/016,view detail
57,F03001,Panchkhal-Helambu,1909,1353,3764,3486,2016/017,view detail
57,F03001,Panchkhal-Helambu,3037,2409,4292,3979,2018/019,view detail
57,F03001,Panchkhal-Helambu,3001,1739,4994,4363,2020/021,view detail
57,F03001,Panchkhal-Helambu,3482,2080,5845,5144,2021/022,view detail
58,F02301,Satdobato South (Chapagaun),5275,1765,4348,2593,2011/012,view detail
58,F02301,Satdobato South (Chapagaun),20735,7202,16313,9543,2012/013,view detail
58,F02301,Satdobato South (Chapagaun),13598,4484,9981,5406,2014/015,view detail
58,F02301,Satdobato South (Chapagaun),21698,6498,16083,7819,2015/016,view detail
58,F02301,Satdobato South (Chapagaun),11404,4209,9583,5960,2016/017,view detail
58,F02301,Satdobato South (Chapagaun),26387,9398,20333,11489,2018/019,view detail
58,F02301,Satdobato South (Chapagaun),29898,8034,20718,9777,2020/021,view detail
58,F02301,Satdobato South (Chapagaun),27099,7315,18562,8665,2021/022,view detail
59,F02401,Satdobato Junction South,21156,9371,19075,13106,2011/012,view detail
59,F02401,Satdobato Junction South,24372,9115,20159,12520,2012/013,view detail
59,F02401,Satdobato Junction South,22479,7371,17218,9647,2014/015,view detail
59,F02401,Satdobato Junction South,26866,13677,28879,22276,2015/016,view detail
59,F02401,Satdobato Junction South,24927,7909,19092,10574,2016/017,view detail
59,F02401,Satdobato Junction South,44319,14357,34380,19399,2018/019,view detail
59,F02401,Satdobato Junction South,59288,17377,42079,21101,2020/021,view detail
59,F02401,Satdobato Junction South,40471,16177,31802,19655,2021/022,view detail
60,H1614,Ring Road (Manohara Bridge),46237,18818,39432,25723,2011/012,view detail
60,H1614,Ring Road (Manohara Bridge),39245,17889,35678,24988,2012/013,view detail
60,H1614,Ring Road (Manohara Bridge),39471,15284,35719,22993,2014/015,view detail
60,H1614,Ring Road (Manohara Bridge),37343,13985,32788,21109,2015/016,view detail
60,H1614,Ring Road (Manohara Bridge),31887,13320,28743,19460,2016/017,view detail
60,H1614,Ring Road (Manohara Bridge),75028,27207,59518,35190,2018/019,view detail
60,NH39-015,Ring Road (Manohara Bridge),83250,29387,67732,40789,2020/021,view detail
60,NH39-015,Ring Road (Manohara Bridge),103215,29857,80223,43540,2021/022,view detail
61,H1611,Ring Road (Balkhu East),61327,19981,46786,26113,2011/012,view detail
61,H1611,Ring Road (Balkhu East),50241,20881,42035,27355,2012/013,view detail
61,H1611,Ring Road (Balkhu East),43065,20413,40142,28815,2014/015,view detail
61,H1611,Ring Road (Balkhu East),44211,18581,38261,25008,2015/016,view detail
61,H1611,Ring Road (Balkhu East),26749,12397,27110,19932,2016/017,view detail
61,H1611,Ring Road (Balkhu East),51468,21808,46869,32017,2018/019,view detail
61,NH39-012,Ring Road (Balkhu East),65327,23100,55531,34415,2020/021,view detail
61,NH39-012,Ring Road (Balkhu East),56466,22871,49612,32813,2021/022,view detail
62,F02801,Kharipati,7638,1624,5272,2265,2011/012,view detail
62,F02801,Kharipati,4002,1177,3148,1735,2012/013,view detail
62,F02801,Kharipati,3913,1279,3238,1808,2014/015,view detail
62,F02801,Kharipati,4749,1274,3490,1753,2015/016,view detail
62,F02801,Kharipati,6306,1569,4638,2270,2016/017,view detail
62,F02801,Kharipati,10675,2415,7820,3690,2018/019,view detail
62,F02801,Kharipati,20223,4047,14025,5932,2020/021,view detail
62,F02801,Kharipati,21825,4850,15304,6816,2021/022,view detail
63,H0305,Hanumante Bridge,14640,6005,14248,9931,2011/012,view detail
63,H0305,Hanumante Bridge,18031,6935,17259,11711,2012/013,view detail
63,H0305,Hanumante Bridge,26254,11616,27836,20516,2014/015,view detail
63,H0305,Hanumante Bridge,34345,13487,33743,23313,2015/016,view detail
63,H0305,Hanumante Bridge,23272,10265,23038,16535,2016/017,view detail
63,H0305,Hanumante Bridge,43545,26666,54213,45774,2018/019,view detail
63,NH34-005,Hanumante Bridge,38625,15929,39046,27699,2020/021,view detail
63,NH34-005,Hanumante Bridge,43529,18732,42274,29875,2021/022,view detail
64,H0303,Manohara Bridge,48105,16127,39004,23015,2011/012,view detail
64,H0303,Manohara Bridge,49192,17893,41610,25961,2012/013,view detail
64,H0303,Manohara Bridge,71317,24238,59584,36041,2014/015,view detail
64,H0303,Manohara Bridge,69945,23340,56098,31936,2015/016,view detail
64,H0303,Manohara Bridge,94712,29372,75155,42485,2016/017,view detail
64,H0303,Manohara Bridge,113727,36705,90582,52072,2018/019,view detail
64,NH34-003,Manohara Bridge,135521,37519,102251,53244,2020/021,view detail
64,NH34-003,Manohara Bridge,119096,37587,93868,53108,2021/022,view detail
65,H1602,Ring Road (Sinamangal),31253,15422,31979,23999,2011/012,view detail
65,H1602,Ring Road (Sinamangal),28566,15350,29869,23258,2012/013,view detail
65,H1602,Ring Road (Sinamangal),34345,15376,33392,23900,2014/015,view detail
65,H1602,Ring Road (Sinamangal),33871,14740,33512,23946,2015/016,view detail
65,H1602,Ring Road (Sinamangal),46501,22168,42260,30094,2016/017,view detail
65,H1602,Ring Road (Sinamangal),73738,32418,65015,44356,2018/019,view detail
65,NH39-002,Ring Road (Sinamangal),55126,22655,46340,30104,2020/021,view detail
65,NH39-002,Ring Road (Sinamangal),59139,23424,49605,31748,2021/022,view detail
66,F02602,Chabahil East,17665,6841,14826,9414,2011/012,view detail
66,F02602,Chabahil East,14451,5184,11923,7290,2012/013,view detail
66,F02602,Chabahil East,54519,21483,43237,26719,2014/015,view detail
66,F02602,Chabahil East,59002,15911,42256,20700,2015/016,view detail
66,F02602,Chabahil East,46963,18548,38090,23882,2016/017,view detail
66,F02602,Chabahil East,58545,23139,49075,31372,2018/019,view detail
66,F02602,Chabahil East,49907,11308,35476,16141,2020/021,view detail
66,F02602,Chabahil East,47610,13383,35692,18540,2021/022,view detail
67,F02701,Jorpati North,8450,2875,7158,4370,2011/012,view detail
67,F02701,Jorpati North,6243,2324,5254,3294,2012/013,view detail
67,F02701,Jorpati North,11875,3697,9518,5428,2014/015,view detail
67,F02701,Jorpati North,10273,2711,7676,3890,2015/016,view detail
67,F02701,Jorpati North,14135,4300,11061,6140,2016/017,view detail
67,F02701,Jorpati North,12200,3908,10126,5981,2018/019,view detail
67,F02701,Jorpati North,9326,3364,8216,5214,2020/021,view detail
67,F02701,Jorpati North,17220,5348,13668,7708,2021/022,view detail
68,H1606,Ring Road (Narayan Gopal Chowk),41091,19389,36402,25551,2011/012,view detail
68,H1606,Ring Road (Narayan Gopal Chowk),38695,16298,33598,22399,2012/013,view detail
68,H1606,Ring Road (Narayan Gopal Chowk),44007,19205,39798,27353,2014/015,view detail
68,H1606,Ring Road (Narayan Gopal Chowk),26000,13236,27947,21557,2015/016,view detail
68,H1606,Ring Road (Narayan Gopal Chowk),38994,18847,37613,27539,2016/017,view detail
68,H1606,Ring Road (Narayan Gopal Chowk),91255,28418,71815,40397,2018/019,view detail
68,NH39-006,Ring Road (Narayan Gopal Chowk),58064,20414,48454,29629,2020/021,view detail
68,NH39-006,Ring Road (Narayan Gopal Chowk),71490,23990,57873,34099,2021/022,view detail
69,F02502,Gangalal Hospital North,22423,9294,17550,10985,2011/012,view detail
69,F02502,Gangalal Hospital North,17206,7487,13689,8830,2012/013,view detail
69,F02502,Gangalal Hospital North,26535,10355,19950,11860,2014/015,view detail
69,F02502,Gangalal Hospital North,41830,14573,34470,20831,2015/016,view detail
69,F02502,Gangalal Hospital North,29544,11988,22695,13918,2016/017,view detail
69,F02502,Gangalal Hospital North,50815,19345,39211,23476,2018/019,view detail
69,F02502,Gangalal Hospital North,42998,14283,31595,17237,2020/021,view detail
69,F02502,Gangalal Hospital North,38052,13942,28416,16351,2021/022,view detail
70,F02103,Balaju Bypass North,13411,4313,10174,5625,2011/012,view detail
70,F02103,Balaju Bypass North,20223,4622,14032,6231,2012/013,view detail
70,F02103,Balaju Bypass North,22482,7121,17401,9706,2014/015,view detail
70,F02103,Balaju Bypass North,29011,8081,21424,10289,2015/016,view detail
70,F02103,Balaju Bypass North,7745,2178,6006,3222,2016/017,view detail
70,F02103,Balaju Bypass North,22302,11943,22711,17531,2018/019,view detail
70,NH18-001,Balaju Bypass North,17304,4068,12649,6023,2020/021,view detail
70,NH18-001,Balaju Bypass North,21112,4177,14149,5681,2021/022,view detail
71,H1608,Ring Road (Banasthali),21153,14530,25841,22529,2011/012,view detail
71,H1608,Ring Road (Banasthali),27582,17545,31811,26788,2012/013,view detail
71,H1608,Ring Road (Banasthali),24770,12170,24563,18263,2014/015,view detail
71,H1608,Ring Road (Banasthali),33868,15725,33466,24392,2015/016,view detail
71,H1608,Ring Road (Banasthali),38734,19066,39722,29888,2016/017,view detail
71,H1608,Ring Road (Banasthali),56124,27292,58512,44096,2018/019,view detail
71,NH39-009,Ring Road (Banasthali),51458,21477,47569,32578,2020/021,view detail
71,NH39-009,Ring Road (Banasthali),54982,22526,51425,35171,2021/022,view detail
72,F02201,T.U. Gate,23679,7688,17914,9919,2011/012,view detail
72,F02201,T.U. Gate,20319,6411,16051,9097,2012/013,view detail
72,F02201,T.U. Gate,15558,5637,13466,8506,2014/015,view detail
72,F02201,T.U. Gate,13915,5647,12181,8047,2015/016,view detail
72,F02201,T.U. Gate,24595,7102,18709,9962,2016/017,view detail
72,F02201,T.U. Gate,25145,9916,21585,13971,2018/019,view detail
72,F02201,T.U. Gate,23803,8806,19723,12224,2020/021,view detail
72,F02201,T.U. Gate,23526,9016,19634,12378,2021/022,view detail
73,F02202,Taudaha,5781,1952,4586,2671,2011/012,view detail
73,F02202,Taudaha,10947,8173,27110,25723,2012/013,view detail
73,F02202,Taudaha,5805,2524,5142,3502,2014/015,view detail
73,F02202,Taudaha,5340,1953,4354,2661,2015/016,view detail
73,F02202,Taudaha,6652,2943,6305,4451,2016/017,view detail
73,F02202,Taudaha,10923,4562,9507,6326,2018/019,view detail
73,F02202,Taudaha,10469,3815,8445,5117,2020/021,view detail
73,F02202,Taudaha,11150,4329,9047,5637,2021/022,view detail
74,H0214,Nagdhunga,9773,8668,20497,19945,2011/012,view detail
74,H0214,Nagdhunga,7899,6653,15926,15303,2012/013,view detail
74,H0214,Nagdhunga,9178,7531,16017,15191,2014/015,view detail
74,H0214,Nagdhunga,10692,8769,22096,21135,2015/016,view detail
74,H0214,Nagdhunga,11872,9260,22132,20826,2016/017,view detail
74,H0214,Nagdhunga,12953,10606,26733,25560,2018/019,view detail
74,NH41-013,Nagdhunga,13929,10531,24898,23199,2020/021,view detail
74,NH41-013,Nagdhunga,13662,10313,25837,24163,2021/022,view detail
75,F03201,Lamosangu,568,285,690,549,2011/012,view detail
75,F03201,Lamosangu,999,524,1279,1042,2012/013,view detail
75,F03201,Lamosangu,124,77,166,142,2014/015,view detail
75,F03201,Lamosangu,476,258,609,501,2015/016,view detail
75,F03201,Lamosangu,1284,710,1516,1229,2016/017,view detail
75,F03201,Lamosangu,1228,624,1332,1030,2018/019,view detail
75,NH23-009,Lamosangu,1808,805,1857,1356,2020/021,view detail
75,NH23-009,Lamosangu,1560,636,1490,1028,2021/022,view detail
76,F03101,Dolalghat,395,164,403,287,2011/012,view detail
76,F03101,Dolalghat,1268,685,1563,1272,2012/013,view detail
76,F03101,Dolalghat,354,162,409,313,2014/015,view detail
76,F03101,Dolalghat,611,331,731,591,2015/016,view detail
76,F03101,Dolalghat,457,261,617,519,2016/017,view detail
76,F03101,Dolalghat,4000,2522,6123,5384,2018/019,view detail
76,NH31-001,Dolalghat,790,345,800,577,2020/021,view detail
76,NH31-001,Dolalghat,1045,387,980,650,2021/022,view detail
77,H0315,Lamosangu-Barabise North,674,424,917,792,2011/012,view detail
77,H0315,Lamosangu-Barabise North,1442,720,1664,1303,2012/013,view detail
77,H0315,Lamosangu-Barabise North,558,322,693,575,2014/015,view detail
77,H0315,Lamosangu-Barabise North,1103,480,1135,824,2015/016,view detail
77,H0315,Lamosangu-Barabise North,629,361,793,659,2016/017,view detail
77,H0315,Lamosangu-Barabise North,658,388,870,735,2018/019,view detail
77,NH34-015,Lamosangu-Barabise North,2301,768,1939,1172,2020/021,view detail
77,NH34-015,Lamosangu-Barabise North,2306,795,1928,1170,2021/022,view detail
78,H0212,Naubise West (TRP),552,378,899,812,2011/012,view detail
78,H0212,Naubise West (TRP),619,403,852,744,2012/013,view detail
78,H0212,Naubise West (TRP),1151,534,1258,949,2014/015,view detail
78,H0212,Naubise West (TRP),580,374,770,666,2015/016,view detail
78,H0212,Naubise West (TRP),1235,666,1656,1372,2016/017,view detail
78,H0212,Naubise West (TRP),1637,711,1971,1508,2018/019,view detail
78,NH41-011,Naubise West (TRP),1417,767,1606,1281,2020/021,view detail
78,NH41-011,Naubise West (TRP),748,354,921,724,2021/022,view detail
79,F06901,Galchhi North,813,456,1208,1029,2011/012,view detail
79,F06901,Galchhi North,1018,454,1151,869,2012/013,view detail
79,F06901,Galchhi North,1346,593,1386,1009,2014/015,view detail
79,F06901,Galchhi North,1623,903,1881,1521,2015/016,view detail
79,F06901,Galchhi North,2619,1437,3768,3178,2016/017,view detail
79,F06901,Galchhi North,4960,3567,9177,8481,2018/019,view detail
79,NH42-005,Galchhi North,3245,1384,3664,2733,2020/021,view detail
79,NH42-005,Galchhi North,3400,1360,3700,2680,2021/022,view detail
80,F03401,Malekhu North,584,381,751,650,2011/012,view detail
80,F03401,Malekhu North,880,437,956,735,2012/013,view detail
80,F03401,Malekhu North,1162,566,1286,989,2014/015,view detail
80,F03401,Malekhu North,888,460,1000,786,2015/016,view detail
80,F03401,Malekhu North,1502,831,1949,1614,2016/017,view detail
80,F03401,Malekhu North,2073,1015,2197,1668,2018/019,view detail
80,NH43-001,Malekhu North,1825,848,1947,1458,2020/021,view detail
80,NH43-001,Malekhu North,1827,826,2009,1509,2021/022,view detail
81,F02106,Ranipauwa,825,379,905,682,2011/012,view detail
81,F02106,Ranipauwa,732,349,803,612,2012/013,view detail
81,F02106,Ranipauwa,907,452,1110,883,2014/015,view detail
81,F02106,Ranipauwa,767,370,918,719,2015/016,view detail
81,F02106,Ranipauwa,676,205,593,358,2016/017,view detail
81,F02106,Ranipauwa,1474,407,1204,670,2018/019,view detail
81,NH18-004,Ranipauwa,625,172,500,274,2020/021,view detail
81,NH18-004,Ranipauwa,343,107,327,209,2021/022,view detail
82,F00801,Bardhaghat South,1884,816,2201,1615,2011/012,view detail
82,F00801,Bardhaghat South,1536,509,1446,896,2012/013,view detail
82,F00801,Bardhaghat South,2109,861,2132,1503,2014/015,view detail
82,F00801,Bardhaghat South,1839,730,1909,1325,2015/016,view detail
82,F00801,Bardhaghat South,5373,2149,4799,3181,2016/017,view detail
82,F00801,Bardhaghat South,5805,2042,4379,2497,2018/019,view detail
82,F00801,Bardhaghat South,7352,3299,6017,3991,2020/021,view detail
82,F00801,Bardhaghat South,6297,2852,5093,3367,2021/022,view detail
83,H0141,Bardhaghat West,5048,3243,8911,7956,2011/012,view detail
83,H0141,Bardhaghat West,4771,2821,7621,6619,2012/013,view detail
83,H0141,Bardhaghat West,6389,3676,9296,7931,2014/015,view detail
83,H0141,Bardhaghat West,5276,3101,8170,7058,2015/016,view detail
83,H0141,Bardhaghat West,9098,5441,12979,11150,2016/017,view detail
83,H0141,Bardhaghat West,16989,9970,22510,18999,2018/019,view detail
83,NH01-042,Bardhaghat West,12681,7931,20669,18292,2020/021,view detail
83,NH01-042,Bardhaghat West,11542,7116,17982,15768,2021/022,view detail
84,F00901,Sunwal South,2394,893,2168,1380,2011/012,view detail
84,F00901,Sunwal South,1316,501,1379,938,2012/013,view detail
84,F00901,Sunwal South,1603,612,1588,1092,2014/015,view detail
84,F00901,Sunwal South,1584,601,1525,1018,2015/016,view detail
84,F00901,Sunwal South,3514,1263,3410,2125,2016/017,view detail
84,F00901,Sunwal South,7243,2091,5308,2731,2018/019,view detail
84,F00901,Sunwal South,9561,3160,7392,4171,2020/021,view detail
84,F00901,Sunwal South,7369,2385,5310,2816,2021/022,view detail
85,H0138,Gaidakot,7070,4080,10802,9187,2011/012,view detail
85,H0138,Gaidakot,8349,3516,9633,7073,2012/013,view detail
85,H0138,Gaidakot,9860,4223,10463,7567,2014/015,view detail
85,H0138,Gaidakot,8421,3861,9958,7570,2015/016,view detail
85,H0138,Gaidakot,13807,9516,18188,16033,2016/017,view detail
85,H0138,Gaidakot,29534,13259,28796,20616,2018/019,view detail
85,NH01-038,Gaidakot,24399,12450,29368,23393,2020/021,view detail
85,NH01-038,Gaidakot,23474,11445,27106,21064,2021/022,view detail
86,F04401,Bhairahawa West,2936,1813,4246,3677,2011/012,view detail
86,F04401,Bhairahawa West,2718,1011,3114,2197,2012/013,view detail
86,F04401,Bhairahawa West,7713,4264,10741,8835,2014/015,view detail
86,F04401,Bhairahawa West,3802,1360,3566,2330,2015/016,view detail
86,F04401,Bhairahawa West,10077,5795,14764,12589,2016/017,view detail
86,F04401,Bhairahawa West,13956,3128,8732,3225,2018/019,view detail
86,NH05-026,Bhairahawa West,13246,4247,12131,7630,2020/021,view detail
86,NH05-026,Bhairahawa West,16628,6068,17182,11898,2021/022,view detail
87,F04501,Lumbini West,1265,439,1315,897,2011/012,view detail
87,F04501,Lumbini West,1521,633,1774,1329,2012/013,view detail
87,F04501,Lumbini West,1611,900,1937,1581,2014/015,view detail
87,F04501,Lumbini West,1404,666,1602,1231,2015/016,view detail
87,F04501,Lumbini West,6703,4168,9059,7735,2016/017,view detail
87,F04501,Lumbini West,2657,751,2244,1291,2018/019,view detail
87,F04501,Lumbini West,4868,1090,3666,1776,2020/021,view detail
87,F04501,Lumbini West,6012,1745,5552,3409,2021/022,view detail
88,H0144,Butwal East,6400,3867,7829,6369,2011/012,view detail
88,H0144,Butwal East,6492,2392,6425,4136,2012/013,view detail
88,H0144,Butwal East,5418,3342,8400,6896,2014/015,view detail
88,H0144,Butwal East,8054,3655,9124,6900,2015/016,view detail
88,H0144,Butwal East,8177,5105,11676,10130,2016/017,view detail
88,H0144,Butwal East,21093,9265,19131,12916,2018/019,view detail
88,NH01-045,Butwal East,27255,11294,26302,18319,2020/021,view detail
88,NH01-045,Butwal East,15993,7877,18198,14139,2021/022,view detail
89,H1002,Butwal South,9539,5434,12629,10337,2011/012,view detail
89,H1002,Butwal South,5585,2130,6403,4503,2012/013,view detail
89,H1002,Butwal South,8926,5327,10978,9144,2014/015,view detail
89,H1002,Butwal South,16209,6854,17350,12632,2015/016,view detail
89,H1002,Butwal South,17911,9208,20391,16025,2016/017,view detail
89,H1002,Butwal South,43353,14393,34997,20517,2018/019,view detail
89,NH47-002,Butwal South,37653,13165,34275,22026,2020/021,view detail
89,NH47-002,Butwal South,40914,13624,33514,19868,2021/022,view detail
90,H0146,Butwal West,7480,4360,9809,7993,2011/012,view detail
90,H0146,Butwal West,10033,4901,11585,8540,2012/013,view detail
90,H0146,Butwal West,12290,5259,12897,9359,2014/015,view detail
90,H0146,Butwal West,13696,5145,13335,9043,2015/016,view detail
90,H0146,Butwal West,13538,6206,14816,11150,2016/017,view detail
90,H0146,Butwal West,14882,3923,10222,4742,2018/019,view detail
90,NH01-047,Butwal West,24389,9492,23630,16176,2020/021,view detail
90,NH01-047,Butwal West,26723,11062,25413,17583,2021/022,view detail
91,H1004,Butwal North,5509,3315,7416,6221,2011/012,view detail
91,H1004,Butwal North,3445,1854,4877,3991,2012/013,view detail
91,H1004,Butwal North,3479,2177,5922,5270,2014/015,view detail
91,H1004,Butwal North,4471,2403,6569,5505,2015/016,view detail
91,H1004,Butwal North,5028,2989,7313,6294,2016/017,view detail
91,H1004,Butwal North,12444,3336,9478,4912,2018/019,view detail
91,NH47-004,Butwal North,15835,6974,18377,13947,2020/021,view detail
91,NH47-004,Butwal North,15845,7211,18675,14357,2021/022,view detail
92,H0149,Jitpur West,2341,1505,3644,3218,2011/012,view detail
92,H0149,Jitpur West,2880,1700,4237,3635,2012/013,view detail
92,H0149,Jitpur West,3657,2063,4068,3272,2014/015,view detail
92,H0149,Jitpur West,2981,1660,3844,3178,2015/016,view detail
92,H0149,Jitpur West,6044,3471,8715,7428,2016/017,view detail
92,H0149,Jitpur West,6917,2243,5620,3283,2018/019,view detail
92,NH01-050,Jitpur West,12598,5544,14600,11073,2020/021,view detail
92,NH01-050,Jitpur West,11931,5427,13536,10284,2021/022,view detail
93,F01001,Jitpur South,1025,327,970,600,2011/012,view detail
93,F01001,Jitpur South,2027,582,1735,981,2012/013,view detail
93,F01001,Jitpur South,1208,592,1332,1024,2014/015,view detail
93,F01001,Jitpur South,1354,507,1317,882,2015/016,view detail
93,F01001,Jitpur South,2533,1168,2501,1795,2016/017,view detail
93,F01001,Jitpur South,3434,590,2070,648,2018/019,view detail
93,NH50-001,Jitpur South,6455,2040,5635,3427,2020/021,view detail
93,NH50-001,Jitpur South,6352,2088,5216,3082,2021/022,view detail
94,H0150,Gorusinge West,2090,1501,3728,3414,2011/012,view detail
94,H0150,Gorusinge West,3089,1854,5165,4547,2012/013,view detail
94,H0150,Gorusinge West,3865,2504,6321,5640,2014/015,view detail
94,H0150,Gorusinge West,2814,1821,4687,4187,2015/016,view detail
94,H0150,Gorusinge West,3595,2113,5243,4502,2016/017,view detail
94,H0150,Gorusinge West,8297,4974,13983,12322,2018/019,view detail
94,NH01-051,Gorusinge West,7467,4334,11381,9804,2020/021,view detail
94,NH01-051,Gorusinge West,7370,3996,10621,8933,2021/022,view detail
95,F01201,Chanauta South,2110,924,2712,1939,2011/012,view detail
95,F01201,Chanauta South,2913,1223,3722,2684,2012/013,view detail
95,F01201,Chanauta South,2920,1578,3545,2817,2014/015,view detail
95,F01201,Chanauta South,3069,1340,3596,2692,2015/016,view detail
95,F01201,Chanauta South,2809,1824,4158,3563,2016/017,view detail
95,F01201,Chanauta South,7492,2771,7572,5211,2018/019,view detail
95,F01201,Chanauta South,4043,1858,5785,4692,2020/021,view detail
95,F01201,Chanauta South,4752,2165,6592,5279,2021/022,view detail
96,H0151,Chanauta West,2758,1374,4020,3161,2011/012,view detail
96,H0151,Chanauta West,3776,2015,6004,4937,2012/013,view detail
96,H0151,Chanauta West,5193,2752,6177,4891,2014/015,view detail
96,H0151,Chanauta West,4164,2198,5546,4435,2015/016,view detail
96,H0151,Chanauta West,3810,2755,5487,4936,2016/017,view detail
96,H0151,Chanauta West,13601,6849,15536,12143,2018/019,view detail
96,NH01-052,Chanauta West,4044,1859,5786,4693,2020/021,view detail
96,NH01-052,Chanauta West,14803,7315,15912,12163,2021/022,view detail
97,F01102,Gorusinge North,481,280,595,494,2011/012,view detail
97,F01102,Gorusinge North,638,297,743,573,2012/013,view detail
97,F01102,Gorusinge North,1130,773,1543,1365,2014/015,view detail
97,F01102,Gorusinge North,781,493,1021,877,2015/016,view detail
97,F01102,Gorusinge North,303,181,425,364,2016/017,view detail
97,F01102,Gorusinge North,918,481,1235,1017,2018/019,view detail
97,NH51-002,Gorusinge North,13050,6643,14778,11574,2020/021,view detail
97,NH51-002,Gorusinge North,1822,976,2267,1844,2021/022,view detail
98,F04301,Tansen West,1467,808,1904,1574,2011/012,view detail
98,F04301,Tansen West,1386,785,1702,1401,2012/013,view detail
98,F04301,Tansen West,2743,944,2517,1617,2014/015,view detail
98,F04301,Tansen West,1907,802,1997,1445,2015/016,view detail
98,F04301,Tansen West,1842,1036,2041,1638,2016/017,view detail
98,F04301,Tansen West,2506,1004,2300,1549,2018/019,view detail
98,NH48-001,Tansen West,1745,1202,2500,2229,2020/021,view detail
98,NH48-001,Tansen West,2359,578,1560,670,2021/022,view detail
99,H1007,Bartung North,1310,749,1872,1591,2011/012,view detail
99,H1007,Bartung North,1019,532,1158,914,2012/013,view detail
99,H1007,Bartung North,1583,640,1637,1165,2014/015,view detail
99,H1007,Bartung North,1226,592,1426,1109,2015/016,view detail
99,H1007,Bartung North,1641,1067,2339,2052,2016/017,view detail
99,H1007,Bartung North,5044,2383,5258,3928,2018/019,view detail
99,NH47-007,Bartung North,2563,1317,3145,2522,2020/021,view detail
99,NH47-007,Bartung North,2370,1242,2841,2276,2021/022,view detail
100,F03601,Dumre North,1242,620,1723,1412,2011/012,view detail
100,F03601,Dumre North,1414,612,1741,1340,2012/013,view detail
100,F03601,Dumre North,2893,830,2499,1468,2014/015,view detail
100,F03601,Dumre North,1944,643,1801,1151,2015/016,view detail
100,F03601,Dumre North,3205,1341,3043,2111,2016/017,view detail
100,F03601,Dumre North,3150,1419,3072,2206,2018/019,view detail
100,NH25-001,Dumre North,9273,5235,11546,9527,2020/021,view detail
100,NH25-001,Dumre North,3931,1673,3823,2693,2021/022,view detail
101,F03501,Abukhaireni North,1201,537,1278,946,2011/012,view detail
101,F03501,Abukhaireni North,1538,656,1551,1110,2012/013,view detail
101,F03501,Abukhaireni North,1939,1236,2696,2344,2014/015,view detail
101,F03501,Abukhaireni North,1602,879,1990,1628,2015/016,view detail
101,F03501,Abukhaireni North,2404,1045,2379,1700,2016/017,view detail
101,F03501,Abukhaireni North,2217,1037,2300,1710,2018/019,view detail
101,NH44-006,Abukhaireni North,3030,1254,3022,2134,2020/021,view detail
101,NH44-006,Abukhaireni North,2941,1173,2653,1769,2021/022,view detail
102,H0411,Pokhara East,6514,5259,10808,10181,2011/012,view detail
102,H0411,Pokhara East,5640,3164,6898,5659,2012/013,view detail
102,H0411,Pokhara East,11463,7022,14675,12454,2014/015,view detail
102,H0411,Pokhara East,9499,6642,13841,12413,2015/016,view detail
102,H0411,Pokhara East,6763,4924,8543,7621,2016/017,view detail
102,H0411,Pokhara East,4009,2665,4834,4162,2018/019,view detail
102,NH17-011,Pokhara East,11523,5922,13628,10828,2020/021,view detail
102,NH17-011,Pokhara East,9362,5030,11073,8907,2021/022,view detail
103,H1012,Pokhara South,1320,1086,2285,2168,2011/012,view detail
103,H1012,Pokhara South,1815,1105,2321,1966,2012/013,view detail
103,H1012,Pokhara South,6157,2843,6084,4426,2014/015,view detail
103,H1012,Pokhara South,4680,2111,4452,3166,2015/016,view detail
103,H1012,Pokhara South,3954,1714,3562,2442,2016/017,view detail
103,H1012,Pokhara South,5668,2426,5143,3521,2018/019,view detail
103,NH47-012,Pokhara South,4058,1704,3769,2592,2020/021,view detail
103,NH47-012,Pokhara South,4184,1940,3938,2817,2021/022,view detail
104,F04101,Pokhara West,1189,555,1023,706,2011/012,view detail
104,F04101,Pokhara West,1319,734,1205,912,2012/013,view detail
104,F04101,Pokhara West,17392,6796,14907,9609,2014/015,view detail
104,F04101,Pokhara West,2463,905,1824,1045,2015/016,view detail
104,F04101,Pokhara West,2624,918,1956,1103,2016/017,view detail
104,F04101,Pokhara West,2509,848,1804,974,2018/019,view detail
104,F04101,Pokhara West,2701,739,1830,850,2020/021,view detail
104,F04101,Pokhara West,1806,375,1124,409,2021/022,view detail
105,F04202,Pokhara North,4116,2016,4135,3085,2011/012,view detail
105,F04202,Pokhara North,4952,2461,4837,3591,2012/013,view detail
105,F04202,Pokhara North,6713,3653,7317,5787,2014/015,view detail
105,F04202,Pokhara North,5371,2809,5645,4364,2015/016,view detail
105,F04202,Pokhara North,6251,2982,6174,4539,2016/017,view detail
105,F04202,Pokhara North,10632,5269,9786,7104,2018/019,view detail
105,F04202,Pokhara North,8252,3939,8311,6155,2020/021,view detail
105,F04202,Pokhara North,10369,4437,9380,6414,2021/022,view detail
106,F04204,Kusma West,1274,892,1935,1744,2011/012,view detail
106,F04204,Kusma West,1282,824,1646,1417,2012/013,view detail
106,F04204,Kusma West,2875,1267,2862,2056,2014/015,view detail
106,F04204,Kusma West,1899,979,2118,1657,2015/016,view detail
106,F04204,Kusma West,2826,1877,3490,3016,2016/017,view detail
106,F04204,Kusma West,2142,1254,2130,1686,2018/019,view detail
106,NH03-048,Kusma West,2916,1662,3403,2776,2020/021,view detail
106,NH03-048,Kusma West,2819,1597,3190,2579,2021/022,view detail
107,F01401,Chakchake East,188,88,207,157,2011/012,view detail
107,F01401,Chakchake East,382,202,487,397,2012/013,view detail
107,F01401,Chakchake East,494,211,563,422,2014/015,view detail
107,F01401,Chakchake East,383,185,465,365,2015/016,view detail
107,F01401,Chakchake East,133,89,220,198,2016/017,view detail
107,F01401,Chakchake East,1381,609,1571,1185,2018/019,view detail
107,NH09-026,Chakchake East,1373,625,1368,994,2020/021,view detail
107,NH09-026,Chakchake East,1288,549,1386,1016,2021/022,view detail
108,F01303,Chakchake North,243,113,273,207,2011/012,view detail
108,F01303,Chakchake North,417,218,561,461,2012/013,view detail
108,F01303,Chakchake North,471,183,480,335,2014/015,view detail
108,F01303,Chakchake North,361,160,415,314,2015/016,view detail
108,F01303,Chakchake North,167,124,304,282,2016/017,view detail
108,F01303,Chakchake North,1125,461,1016,684,2018/019,view detail
108,NH53-003,Chakchake North,1588,562,1412,899,2020/021,view detail
108,NH53-003,Chakchake North,1494,574,1357,897,2021/022,view detail
109,H0155,Bhalubang West,1925,1238,3057,2714,2011/012,view detail
109,H0155,Bhalubang West,2852,1699,4126,3549,2012/013,view detail
109,H0155,Bhalubang West,4620,2242,5810,4552,2014/015,view detail
109,H0155,Bhalubang West,3203,1764,4601,3855,2015/016,view detail
109,H0155,Bhalubang West,4452,2904,7253,6453,2016/017,view detail
109,H0155,Bhalubang West,5720,2495,6952,4931,2018/019,view detail
109,NH01-056,Bhalubang West,5964,3098,8515,7075,2020/021,view detail
109,NH01-056,Bhalubang West,5407,3028,8076,6886,2021/022,view detail
110,F01301,Bhalubang North,1046,428,1152,843,2011/012,view detail
110,F01301,Bhalubang North,1351,507,1399,977,2012/013,view detail
110,F01301,Bhalubang North,1051,577,1224,985,2014/015,view detail
110,F01301,Bhalubang North,1116,506,1225,920,2015/016,view detail
110,F01301,Bhalubang North,3080,1861,4091,3443,2016/017,view detail
110,F01301,Bhalubang North,3245,1132,3042,1985,2018/019,view detail
110,NH53-001,Bhalubang North,3043,1436,3222,2419,2020/021,view detail
110,NH53-001,Bhalubang North,3209,1461,3134,2256,2021/022,view detail
111,F01501,Lamahi North,1334,888,2148,1925,2011/012,view detail
111,F01501,Lamahi North,1694,1044,2761,2436,2012/013,view detail
111,F01501,Lamahi North,1934,1277,2901,2572,2014/015,view detail
111,F01501,Lamahi North,1627,1291,2377,2208,2015/016,view detail
111,F01501,Lamahi North,2586,1617,3843,3359,2016/017,view detail
111,F01501,Lamahi North,3513,1853,4000,3141,2018/019,view detail
111,NH54-002,Lamahi North,3508,1957,5442,4654,2020/021,view detail
111,NH54-002,Lamahi North,3141,1672,4456,3722,2021/022,view detail
112,F01505,Tulsipur East,3629,1277,3479,2222,2011/012,view detail
112,F01505,Tulsipur East,4542,1492,4405,2881,2012/013,view detail
112,F01505,Tulsipur East,4417,1486,4580,3112,2014/015,view detail
112,F01505,Tulsipur East,3975,1322,3958,2617,2015/016,view detail
112,F01505,Tulsipur East,3932,1580,4011,2835,2016/017,view detail
112,F01505,Tulsipur East,13007,4449,10935,6322,2018/019,view detail
112,NH09-032,Tulsipur East,16900,5559,12517,6847,2020/021,view detail
112,NH09-032,Tulsipur East,18650,6157,14131,7813,2021/022,view detail
113,H1101,Ameliya North,2471,855,2300,1463,2011/012,view detail
113,H1101,Ameliya North,634,337,800,652,2012/013,view detail
113,H1101,Ameliya North,415,288,648,584,2014/015,view detail
113,H1101,Ameliya North,809,581,982,866,2015/016,view detail
113,H1101,Ameliya North,666,501,1206,1123,2016/017,view detail
113,H1101,Ameliya North,1456,570,1394,951,2018/019,view detail
113,NH55-001,Ameliya North,1086,848,2176,2057,2020/021,view detail
113,NH55-001,Ameliya North,759,477,1051,910,2021/022,view detail
114,H0157,Ameliya West,1856,1362,3204,2957,2011/012,view detail
114,H0157,Ameliya West,2825,2053,4853,4467,2012/013,view detail
114,H0157,Ameliya West,2039,1685,3759,3582,2014/015,view detail
114,H0157,Ameliya West,1254,1063,2717,2622,2015/016,view detail
114,H0157,Ameliya West,1550,1260,3156,3010,2016/017,view detail
114,H0157,Ameliya West,1913,1095,2322,1860,2018/019,view detail
114,NH01-058,Ameliya West,2411,1987,5411,5199,2020/021,view detail
114,NH01-058,Ameliya West,2746,2094,5847,5522,2021/022,view detail
115,H1103,Tulsipur North,2465,806,2180,1295,2011/012,view detail
115,H1103,Tulsipur North,2740,904,2305,1387,2012/013,view detail
115,H1103,Tulsipur North,4767,1862,4806,3264,2014/015,view detail
115,H1103,Tulsipur North,3417,1250,3201,2078,2015/016,view detail
115,H1103,Tulsipur North,2103,1085,1902,1393,2016/017,view detail
115,H1103,Tulsipur North,5947,2217,4196,2331,2018/019,view detail
115,NH55-003,Tulsipur North,7831,3036,5857,3449,2020/021,view detail
115,NH55-003,Tulsipur North,8324,3288,6356,3830,2021/022,view detail
116,F04602,Nepalgunj West,2761,762,2397,1309,2011/012,view detail
116,F04602,Nepalgunj West,8958,1352,7756,2277,2012/013,view detail
116,F04602,Nepalgunj West,5798,1884,5145,3145,2014/015,view detail
116,F04602,Nepalgunj West,5905,3538,6381,4858,2015/016,view detail
116,F04602,Nepalgunj West,6873,2871,5247,3212,2016/017,view detail
116,F04602,Nepalgunj West,17121,3587,12652,3393,2018/019,view detail
116,NH05-034,Nepalgunj West,11418,3736,8398,4553,2020/021,view detail
116,NH05-034,Nepalgunj West,11005,3660,7736,4063,2021/022,view detail
117,H1204,Kohalpur South,8871,4867,12087,9575,2011/012,view detail
117,H1204,Kohalpur South,8792,2958,9494,5712,2012/013,view detail
117,H1204,Kohalpur South,5396,3374,7159,6061,2014/015,view detail
117,H1204,Kohalpur South,7100,4246,7727,6239,2015/016,view detail
117,H1204,Kohalpur South,14525,7032,13270,9438,2016/017,view detail
117,H1204,Kohalpur South,17499,6193,15666,9009,2018/019,view detail
117,NH58-004,Kohalpur South,24212,9608,20470,13168,2020/021,view detail
117,NH58-004,Kohalpur South,9374,5524,8356,6431,2020/021,view detail
117,NH58-004,Kohalpur South,27091,11439,22123,14297,2021/022,view detail
118,H0159,Kohalpur East,3814,1775,4952,3653,2011/012,view detail
118,H0159,Kohalpur East,4335,2235,6212,4901,2012/013,view detail
118,H0159,Kohalpur East,4018,2216,5041,4139,2014/015,view detail
118,H0159,Kohalpur East,3410,1834,4417,3519,2015/016,view detail
118,H0159,Kohalpur East,5639,3589,6937,5912,2016/017,view detail
118,H0159,Kohalpur East,4244,2728,6067,5310,2018/019,view detail
118,NH01-060,Kohalpur East,12217,6924,13698,11047,2020/021,view detail
118,NH01-060,Kohalpur East,10674,5652,11025,8512,2021/022,view detail
119,H0160,Kohalpur West,3087,1694,3977,3251,2011/012,view detail
119,H0160,Kohalpur West,3822,2104,5311,4420,2012/013,view detail
119,H0160,Kohalpur West,4594,2539,5622,4593,2014/015,view detail
119,H0160,Kohalpur West,3878,2178,4955,4089,2015/016,view detail
119,H0160,Kohalpur West,12573,8145,14732,12487,2016/017,view detail
119,H0160,Kohalpur West,10528,3153,9854,4944,2018/019,view detail
119,NH01-061,Kohalpur West,9570,5144,10434,8221,2020/021,view detail
119,NH01-061,Kohalpur West,11041,5879,11583,8998,2021/022,view detail
120,H1205,Kohalpur North,1108,387,1306,788,2011/012,view detail
120,H1205,Kohalpur North,1106,434,1284,820,2012/013,view detail
120,H1205,Kohalpur North,2940,1186,3170,2122,2014/015,view detail
120,H1205,Kohalpur North,3790,2228,4014,3182,2015/016,view detail
120,H1205,Kohalpur North,7300,4008,6269,4612,2016/017,view detail
120,H1205,Kohalpur North,12262,4061,10509,4353,2018/019,view detail
120,NH58-005,Kohalpur North,9768,5067,8348,5991,2021/022,view detail
121,F01601,Bhuri Gaun South,502,102,402,201,2011/012,view detail
121,F01601,Bhuri Gaun South,518,176,650,478,2012/013,view detail
121,F01601,Bhuri Gaun South,755,147,566,256,2014/015,view detail
121,F01601,Bhuri Gaun South,583,133,467,239,2015/016,view detail
121,F01601,Bhuri Gaun South,608,87,428,161,2016/017,view detail
121,F01601,Bhuri Gaun South,785,252,574,306,2018/019,view detail
121,F01601,Bhuri Gaun South,1934,533,1315,615,2020/021,view detail
121,F01601,Bhuri Gaun South,2697,924,2009,1122,2021/022,view detail
122,F04701,Chinchu East,944,573,1394,1208,2011/012,view detail
122,F04701,Chinchu East,1152,715,1711,1492,2012/013,view detail
122,F04701,Chinchu East,1299,795,1779,1526,2014/015,view detail
122,F04701,Chinchu East,1146,689,1611,1382,2015/016,view detail
122,F04701,Chinchu East,1372,864,1798,1544,2016/017,view detail
122,F04701,Chinchu East,2279,1374,2088,1635,2018/019,view detail
122,NH09-036,Chinchu East,2858,1519,2669,2000,2020/021,view detail
122,NH09-036,Chinchu East,2112,1084,1931,1417,2021/022,view detail
123,H1208,Chinchu North,1242,835,2008,1804,2011/012,view detail
123,H1208,Chinchu North,1195,729,1784,1551,2012/013,view detail
123,H1208,Chinchu North,1644,1107,2206,1938,2014/015,view detail
123,H1208,Chinchu North,1308,1050,1825,1696,2015/016,view detail
123,H1208,Chinchu North,1865,1330,2690,2422,2016/017,view detail
123,H1208,Chinchu North,2406,1256,2720,2145,2018/019,view detail
123,NH58-008,Chinchu North,2757,1526,3410,2794,2020/021,view detail
123,NH58-008,Chinchu North,2770,1392,3244,2555,2021/022,view detail
124,H1301,Surkhet West,3251,849,2679,1458,2011/012,view detail
124,H1301,Surkhet West,3437,734,2606,1255,2012/013,view detail
124,H1301,Surkhet West,797,559,1167,1045,2014/015,view detail
124,H1301,Surkhet West,2464,552,1875,913,2015/016,view detail
124,H1301,Surkhet West,6798,2398,4929,2729,2016/017,view detail
124,H1301,Surkhet West,3040,1915,2673,2110,2018/019,view detail
124,NH58-010,Surkhet West,2341,1256,2541,1998,2020/021,view detail
124,NH58-010,Surkhet West,2481,1250,2569,1952,2021/022,view detail
125,F04801,Surkhet North,296,174,400,339,2011/012,view detail
125,F04801,Surkhet North,441,209,492,377,2012/013,view detail
125,F04801,Surkhet North,635,354,791,650,2014/015,view detail
125,F04801,Surkhet North,446,340,585,531,2015/016,view detail
125,F04801,Surkhet North,1015,291,783,421,2016/017,view detail
125,F04801,Surkhet North,3319,1652,3052,2218,2018/019,view detail
125,NH60-001,Surkhet North,1610,555,1359,832,2020/021,view detail
125,NH60-001,Surkhet North,1489,450,1129,609,2021/022,view detail
126,F01701,Junga South,2232,740,2259,1405,2011/012,view detail
126,F01701,Junga South,1930,638,1938,1153,2012/013,view detail
126,F01701,Junga South,1964,610,1932,1203,2014/015,view detail
126,F01701,Junga South,1893,616,1884,1162,2015/016,view detail
126,F01701,Junga South,2300,817,2184,1437,2016/017,view detail
126,F01701,Junga South,6487,2729,5530,3638,2018/019,view detail
126,F01701,Junga South,4877,1401,3991,2253,2020/021,view detail
126,F01701,Junga South,3753,1196,3227,1948,2021/022,view detail
127,H1402,Attariya South,3409,1676,4001,3093,2011/012,view detail
127,H1402,Attariya South,4349,2256,5164,3995,2012/013,view detail
127,H1402,Attariya South,7926,2755,7546,4867,2014/015,view detail
127,H1402,Attariya South,6621,3075,6793,5013,2015/016,view detail
127,H1402,Attariya South,5527,3063,6352,5099,2016/017,view detail
127,H1402,Attariya South,13516,5763,12315,8436,2018/019,view detail
127,NH66-002,Attariya South,17882,6478,14676,8974,2020/021,view detail
127,NH66-002,Attariya South,18262,8218,16458,11436,2021/022,view detail
128,H0165,Attariya East,2709,1072,2949,2045,2011/012,view detail
128,H0165,Attariya East,4192,2048,4996,3768,2012/013,view detail
128,H0165,Attariya East,5836,2535,6432,4664,2014/015,view detail
128,H0165,Attariya East,4781,2147,5366,3914,2015/016,view detail
128,H0165,Attariya East,5176,2144,5226,3692,2016/017,view detail
128,H0165,Attariya East,22921,17053,27189,24247,2018/019,view detail
128,NH01-066,Attariya East,11272,4590,9100,5759,2020/021,view detail
128,NH01-066,Attariya East,11934,5714,11558,8449,2021/022,view detail
129,H0166,Attariya West,3099,949,3044,1858,2011/012,view detail
129,H0166,Attariya West,4154,1698,4576,3154,2012/013,view detail
129,H0166,Attariya West,5275,1841,5438,3613,2014/015,view detail
129,H0166,Attariya West,4125,1493,4355,2904,2015/016,view detail
129,H0166,Attariya West,4967,2073,5125,3669,2016/017,view detail
129,H0166,Attariya West,16913,10234,15383,12043,2018/019,view detail
129,NH01-067,Attariya West,12209,3082,9470,4863,2020/021,view detail
129,NH01-067,Attariya West,12559,5730,10071,6657,2021/022,view detail
130,H1403,Attariya North,1706,614,1665,1038,2011/012,view detail
130,H1403,Attariya North,2190,1368,3078,2536,2012/013,view detail
130,H1403,Attariya North,2478,1364,3074,2499,2014/015,view detail
130,H1403,Attariya North,1988,1049,2470,1942,2015/016,view detail
130,H1403,Attariya North,3710,2354,4221,3535,2016/017,view detail
130,H1403,Attariya North,17620,10277,16222,12546,2018/019,view detail
130,NH66-003,Attariya North,11966,6050,9259,6301,2020/021,view detail
130,NH66-003,Attariya North,14273,8137,12242,9174,2021/022,view detail
131,H1864,Sanfebagar South,514,433,771,731,2011/012,view detail
131,H1864,Sanfebagar South,691,596,1017,970,2012/013,view detail
131,H1864,Sanfebagar South,307,181,396,333,2014/015,view detail
131,H1864,Sanfebagar South,446,347,637,588,2015/016,view detail
131,H1864,Sanfebagar South,439,288,553,478,2016/017,view detail
131,H1864,Sanfebagar South,913,400,769,513,2018/019,view detail
131,NH03-079,Sanfebagar South,1433,518,1102,644,2020/021,view detail
131,NH03-079,Sanfebagar South,1597,562,1216,699,2021/022,view detail
132,F14601,Safebagar North,284,266,417,408,2011/012,view detail
132,F14601,Safebagar North,626,552,876,839,2012/013,view detail
132,F14601,Safebagar North,146,107,235,215,2014/015,view detail
132,F14601,Safebagar North,280,241,420,400,2015/016,view detail
132,F14601,Safebagar North,235,198,335,316,2016/017,view detail
132,F14601,Safebagar North,437,373,635,603,2018/019,view detail
132,NH03-080,Safebagar North,1278,507,1090,704,2020/021,view detail
132,NH03-080,Safebagar North,456,254,445,344,2021/022,view detail
133,F05101,Silagadhi Junction,419,331,613,569,2011/012,view detail
133,F05101,Silagadhi Junction,1636,980,1900,1572,2012/013,view detail
133,F05101,Silagadhi Junction,612,275,620,452,2014/015,view detail
133,F05101,Silagadhi Junction,100,83,209,201,2015/016,view detail
133,F05101,Silagadhi Junction,533,316,633,525,2016/017,view detail
133,F05101,Silagadhi Junction,561,278,624,483,2018/019,view detail
133,NH03-082,Silagadhi Junction,2325,965,1975,1295,2020/021,view detail
133,NH03-082,Silagadhi Junction,1055,525,1191,926,2021/022,view detail
134,H1406,Syaule South,606,505,970,920,2011/012,view detail
134,H1406,Syaule South,911,674,1482,1364,2012/013,view detail
134,H1406,Syaule South,894,649,1401,1279,2014/015,view detail
134,H1406,Syaule South,807,597,1284,1179,2015/016,view detail
134,H1406,Syaule South,836,656,1264,1174,2016/017,view detail
134,H1406,Syaule South,1502,950,2005,1728,2018/019,view detail
134,NH66-006,Syaule South,1249,767,1694,1453,2020/021,view detail
134,NH66-006,Syaule South,1346,930,2044,1836,2021/022,view detail
135,H1501,Syaule East,454,429,788,776,2011/012,view detail
135,H1501,Syaule East,780,542,1111,992,2012/013,view detail
135,H1501,Syaule East,523,403,750,690,2014/015,view detail
135,H1501,Syaule East,592,439,850,773,2015/016,view detail
135,H1501,Syaule East,794,552,1082,961,2016/017,view detail
135,H1501,Syaule East,1064,784,1287,1147,2018/019,view detail
135,NH03-085,Syaule East,908,567,1106,935,2020/021,view detail
135,NH03-085,Syaule East,909,521,1110,915,2021/022,view detail
136,H1407,Syaule North,505,383,742,681,2011/012,view detail
136,H1407,Syaule North,883,620,1224,1093,2012/013,view detail
136,H1407,Syaule North,870,600,1168,1033,2014/015,view detail
136,H1407,Syaule North,736,509,1012,899,2015/016,view detail
136,H1407,Syaule North,810,522,940,796,2016/017,view detail
136,H1407,Syaule North,2565,1601,3178,2696,2018/019,view detail
136,NH03-086,Syaule North,1664,857,1818,1415,2020/021,view detail
136,NH03-086,Syaule North,1885,1053,2112,1696,2021/022,view detail
137,F05001,Satbanjh West,175,153,240,228,2011/012,view detail
137,F05001,Satbanjh West,451,315,553,485,2012/013,view detail
137,F05001,Satbanjh West,346,276,557,522,2014/015,view detail
137,F05001,Satbanjh West,312,239,439,403,2015/016,view detail
137,F05001,Satbanjh West,251,202,370,345,2016/017,view detail
137,F05001,Satbanjh West,488,325,603,521,2018/019,view detail
137,NH03-090,Satbanjh West,441,240,413,312,2020/021,view detail
137,NH03-090,Satbanjh West,471,281,460,365,2021/022,view detail
138,H1411,Satbanjh North,122,112,221,216,2011/012,view detail
138,H1411,Satbanjh North,398,269,471,407,2012/013,view detail
138,H1411,Satbanjh North,217,181,367,349,2014/015,view detail
138,H1411,Satbanjh North,260,208,377,351,2015/016,view detail
138,H1411,Satbanjh North,224,171,320,293,2016/017,view detail
138,H1411,Satbanjh North,315,236,449,409,2018/019,view detail
138,NH66-007,Satbanjh North,425,262,459,377,2020/021,view detail
138,NH66-007,Satbanjh North,435,290,572,499,2021/022,view detail
139,F04901,Khodpe East,236,206,468,452,2011/012,view detail
139,F04901,Khodpe East,507,340,725,642,2012/013,view detail
139,F04901,Khodpe East,168,141,299,285,2014/015,view detail
139,F04901,Khodpe East,244,177,347,314,2015/016,view detail
139,F04901,Khodpe East,568,448,873,813,2016/017,view detail
139,F04901,Khodpe East,409,248,469,388,2018/019,view detail
139,NH64-001,Khodpe East,344,204,427,357,2020/021,view detail
139,NH64-001,Khodpe East,383,247,522,454,2021/022,view detail
140,H1409,Khodpe North,272,237,404,386,2011/012,view detail
140,H1409,Khodpe North,555,365,692,597,2012/013,view detail
140,H1409,Khodpe North,340,283,585,557,2014/015,view detail
140,H1409,Khodpe North,395,302,562,516,2015/016,view detail
140,H1409,Khodpe North,604,452,903,827,2016/017,view detail
140,H1409,Khodpe North,409,305,520,468,2018/019,view detail
140,NH03-088,Khodpe North,485,281,568,467,2020/021,view detail
140,NH03-088,Khodpe North,718,454,1028,896,2021/022,view detail
141,H0704,Charali South,2563,1158,2355,1550,2011/012,view detail
141,H0704,Charali South,3651,1113,3007,1589,2012/013,view detail
141,H0704,Charali South,3381,1298,2936,1868,2014/015,view detail
141,H0704,Charali South,1406,627,1382,986,2015/016,view detail
141,H0704,Charali South,2011,913,2140,1580,2016/017,view detail
141,H0704,Charali South,2033,1045,2181,1684,2018/019,view detail
141,NH02-003,Charali South,6918,3043,6225,4282,2020/021,view detail
141,NH02-003,Charali South,7164,2088,5042,2491,2020/021,view detail
141,NH02-003,Charali South,5662,2862,5410,4010,2021/022,view detail
142,F06801,Parawanipur West,693,296,589,384,2011/012,view detail
142,F06801,Parawanipur West,1354,1146,1758,1655,2012/013,view detail
142,F06801,Parawanipur West,2468,1385,2498,1956,2014/015,view detail
142,F06801,Parawanipur West,1624,1001,2313,2000,2015/016,view detail
142,F06801,Parawanipur West,2694,1513,4478,3877,2016/017,view detail
142,F06801,Parawanipur West,2229,730,2317,1567,2018/019,view detail
142,NH41-001,Parawanipur West,3883,1925,7073,6094,2020/021,view detail
142,NH41-001,Parawanipur West,3889,2062,7595,6682,2021/022,view detail
143,F06201,Harichamod South,3935,1023,3205,1534,2011/012,view detail
143,F06201,Harichamod South,3107,721,2346,1061,2012/013,view detail
143,F06201,Harichamod South,2967,705,2289,1089,2014/015,view detail
143,F06201,Harichamod South,2329,878,2336,1543,2015/016,view detail
143,F06201,Harichamod South,2928,876,2136,1088,2016/017,view detail
143,F06201,Harichamod South,7442,3237,6354,4212,2018/019,view detail
143,F06201,Harichamod South,6947,2541,5324,3119,2021/022,view detail
144,F14001,Salyan North (Shital pati West),275,92,246,155,2011/012,view detail
144,F14001,Salyan North (Shital pati West),404,183,414,304,2012/013,view detail
144,F14001,Salyan North (Shital pati West),1125,646,1325,1083,2014/015,view detail
144,F14001,Salyan North (Shital pati West),688,359,789,624,2015/016,view detail
144,F14001,Salyan North (Shital pati West),177,86,169,124,2016/017,view detail
144,F14001,Salyan North (Shital pati West),690,262,573,358,2018/019,view detail
144,NH27-001,Salyan North (Shital pati West),1239,457,893,502,2020/021,view detail
144,NH27-001,Salyan North (Shital pati West),1408,454,1005,528,2021/022,view detail
145,F05401,Duhabi West,6537,2100,5663,3188,2011/012,view detail
145,F05401,Duhabi West,2628,822,2024,1008,2012/013,view detail
145,F05401,Duhabi West,4038,2016,4355,2968,2014/015,view detail
145,F05401,Duhabi West,3603,1455,3502,2212,2015/016,view detail
145,F05401,Duhabi West,5481,2374,4548,2912,2016/017,view detail
145,F05401,Duhabi West,12931,5553,10800,6926,2018/019,view detail
145,F05401,Duhabi West,13758,4361,10637,5939,2020/021,view detail
145,F05401,Duhabi West,10146,3315,7590,4171,2021/022,view detail
146,F01101,Taulihawa North,964,213,751,333,2011/012,view detail
146,F01101,Taulihawa North,1156,364,1004,575,2012/013,view detail
146,F01101,Taulihawa North,226,178,365,341,2014/015,view detail
146,F01101,Taulihawa North,640,220,600,370,2015/016,view detail
146,F01101,Taulihawa North,2155,472,1605,735,2016/017,view detail
146,F01101,Taulihawa North,2042,838,1583,981,2018/019,view detail
146,NH51-001,Taulihawa North,2742,824,2344,1385,2020/021,view detail
146,NH51-001,Taulihawa North,3090,1130,2977,1995,2021/022,view detail
147,F13003,Bhairahawa East,2148,910,2205,1521,2011/012,view detail
147,F13003,Bhairahawa East,1822,754,1732,1158,2012/013,view detail
147,F13003,Bhairahawa East,7544,3272,9232,7094,2014/015,view detail
147,F13003,Bhairahawa East,5401,2400,6460,4951,2015/016,view detail
147,F13003,Bhairahawa East,5610,3482,8949,7884,2016/017,view detail
147,F13003,Bhairahawa East,12337,4709,12631,8815,2018/019,view detail
147,NH05-026A,Bhairahawa East,12022,4120,12135,8180,2020/021,view detail
147,NH05-026A,Bhairahawa East,14129,5058,14191,9654,2021/022,view detail
148,F06001,Urlabari South,440,360,624,584,2011/012,view detail
148,F06001,Urlabari South,445,302,572,500,2012/013,view detail
148,F06001,Urlabari South,774,388,765,572,2014/015,view detail
148,F06001,Urlabari South,1790,468,1473,702,2015/016,view detail
148,F06001,Urlabari South,8753,1882,7474,2812,2016/017,view detail
148,F06001,Urlabari South,419,255,537,455,2018/019,view detail
148,F06001,Urlabari South,10020,4321,6931,4082,2020/021,view detail
148,F06001,Urlabari South,9093,3956,6336,3767,2021/022,view detail
149,F05301,Basantapur North,4752,926,3556,1317,2011/012,view detail
149,F05301,Basantapur North,2916,605,2178,891,2012/013,view detail
149,F05301,Basantapur North,4872,1002,3532,1430,2014/015,view detail
149,F05301,Basantapur North,1710,544,1460,876,2015/016,view detail
149,F05301,Basantapur North,134,107,253,239,2016/017,view detail
149,F05301,Basantapur North,30586,17544,29378,22787,2018/019,view detail
149,NH10-001,Basantapur North,407,188,430,321,2020/021,view detail
149,NH10-001,Basantapur North,716,312,622,420,2021/022,view detail
150,F02108,Bidur North,2386,606,1906,1020,2011/012,view detail
150,F02108,Bidur North,2625,808,2188,1290,2012/013,view detail
150,F02108,Bidur North,5031,1037,3911,1913,2014/015,view detail
150,F02108,Bidur North,4688,899,3554,1659,2015/016,view detail
150,F02108,Bidur North,4817,1669,4377,2803,2016/017,view detail
150,F02108,Bidur North,3075,856,2635,1525,2018/019,view detail
150,NH42-008,Bidur North,7724,1823,6037,3086,2020/021,view detail
150,NH42-008,Bidur North,7900,1880,6146,3136,2021/022,view detail
151,F04206,Baglung North,234,169,227,194,2011/012,view detail
151,F04206,Baglung North,669,249,507,298,2012/013,view detail
151,F04206,Baglung North,1434,511,1208,746,2014/015,view detail
151,F04206,Baglung North,926,351,763,476,2015/016,view detail
151,F04206,Baglung North,483,235,460,336,2016/017,view detail
151,F04206,Baglung North,2504,1383,2589,2028,2018/019,view detail
151,F04206,Baglung North,1510,499,1155,649,2020/021,view detail
151,F04206,Baglung North,1780,608,1280,693,2021/022,view detail
152,H1106,Shital pati North,181,91,223,178,2011/012,view detail
152,H1106,Shital pati North,364,210,416,339,2012/013,view detail
152,H1106,Shital pati North,1047,285,881,500,2014/015,view detail
152,H1106,Shital pati North,364,219,483,411,2015/016,view detail
152,H1106,Shital pati North,311,156,412,334,2016/017,view detail
152,H1106,Shital pati North,1308,479,1227,812,2018/019,view detail
152,NH55-006,Shital pati North,1043,402,1042,721,2020/021,view detail
152,NH55-006,Shital pati North,1341,416,1141,678,2021/022,view detail
153,H1304,Khulalu South,205,148,295,266,2011/012,view detail
153,H1304,Khulalu South,216,161,311,283,2012/013,view detail
153,H1304,Khulalu South,236,189,327,303,2014/015,view detail
153,H1304,Khulalu South,216,168,312,287,2015/016,view detail
153,H1304,Khulalu South,81,74,155,151,2016/017,view detail
153,H1304,Khulalu South,135,96,186,166,2018/019,view detail
153,NH58-015,Khulalu South,708,301,797,594,2020/021,view detail
153,NH58-015,Khulalu South,522,271,698,572,2021/022,view detail
154,H1607,Narayan Gopal Chowk West,36550,16687,33704,23773,2011/012,view detail
154,H1607,Narayan Gopal Chowk West,38268,17420,34854,24428,2012/013,view detail
154,H1607,Narayan Gopal Chowk West,42286,18515,38949,27063,2014/015,view detail
154,H1607,Narayan Gopal Chowk West,41751,16774,36259,23771,2015/016,view detail
154,H1607,Narayan Gopal Chowk West,50084,21363,44422,30062,2016/017,view detail
154,H1607,Narayan Gopal Chowk West,88792,28908,72089,42147,2018/019,view detail
154,NH39-007,Narayan Gopal Chowk West,65647,22258,54040,32338,2020/021,view detail
154,NH39-007,Narayan Gopal Chowk West,65305,21392,51922,29964,2021/022,view detail
155,F02501,Narayan Gopal Chowk South,26857,13259,22297,15495,2011/012,view detail
155,F02501,Narayan Gopal Chowk South,29533,12202,22859,14188,2012/013,view detail
155,F02501,Narayan Gopal Chowk South,28777,13977,24270,16871,2014/015,view detail
155,F02501,Narayan Gopal Chowk South,43211,14880,31939,17774,2015/016,view detail
155,F02501,Narayan Gopal Chowk South,43219,16658,32605,19325,2016/017,view detail
155,F02501,Narayan Gopal Chowk South,57045,21645,44270,26570,2018/019,view detail
155,F02501,Narayan Gopal Chowk South,41438,13054,30052,15852,2020/021,view detail
155,F02501,Narayan Gopal Chowk South,47924,14541,34338,17638,2021/022,view detail
156,F07501,Sitapaila South,3653,1270,2875,1684,2011/012,view detail
156,F07501,Sitapaila South,4477,1323,3336,1759,2012/013,view detail
156,F07501,Sitapaila South,33638,16513,34510,25944,2014/015,view detail
156,F07501,Sitapaila South,42705,20036,42736,30889,2015/016,view detail
156,F07501,Sitapaila South,7192,1966,5039,2426,2016/017,view detail
156,F07501,Sitapaila South,45938,21059,47157,34718,2018/019,view detail
156,NH21-001,Sitapaila South,11097,2989,7785,3732,2020/021,view detail
156,NH21-001,Sitapaila South,11478,3140,8299,4130,2021/022,view detail
157,H1610,Kalanki,30176,15271,31293,23840,2011/012,view detail
157,H1610,Kalanki,29411,13186,27729,19616,2012/013,view detail
157,H1610,Kalanki,25050,11940,25603,19048,2014/015,view detail
157,H1610,Kalanki,27734,14223,29861,22809,2015/016,view detail
157,H1610,Kalanki,22446,10809,25165,19346,2016/017,view detail
157,H1610,Kalanki,31116,15075,35485,27464,2018/019,view detail
157,NH39-011,Kalanki,59744,24487,54720,37090,2020/021,view detail
157,NH39-011,Kalanki,48668,21831,46009,32591,2021/022,view detail
158,F07201,Gwarko East,17981,4517,12620,5863,2011/012,view detail
158,F07201,Gwarko East,22574,5167,15365,6645,2012/013,view detail
158,F07201,Gwarko East,23484,5157,15782,6616,2014/015,view detail
158,F07201,Gwarko East,34374,7264,23393,9761,2015/016,view detail
158,F07201,Gwarko East,35525,7339,23747,9654,2016/017,view detail
158,F07201,Gwarko East,55865,12424,38289,15896,2018/019,view detail
158,NH15-001,Gwarko East,53608,12963,36497,16150,2020/021,view detail
158,NH15-001,Gwarko East,66175,13596,42514,16217,2021/022,view detail
159,F09401,Byasi Chowk North,10842,2964,8623,4684,2011/012,view detail
159,F09401,Byasi Chowk North,9991,2859,8007,4441,2012/013,view detail
159,F09401,Byasi Chowk North,2470,764,2021,1168,2014/015,view detail
159,F09401,Byasi Chowk North,5178,1612,4526,2744,2015/016,view detail
159,F09401,Byasi Chowk North,4901,1006,3443,1495,2016/017,view detail
159,F09401,Byasi Chowk North,5349,1184,3784,1701,2018/019,view detail
159,F09401,Byasi Chowk North,8892,1763,6117,2551,2020/021,view detail
159,F09401,Byasi Chowk North,8949,1975,6380,2894,2021/022,view detail
160,H1613,Satdobato North,30978,14899,30077,22038,2011/012,view detail
160,H1613,Satdobato North,31068,13930,28368,19798,2012/013,view detail
160,H1613,Satdobato North,29613,12746,27663,19227,2014/015,view detail
160,H1613,Satdobato North,45121,18124,42192,28693,2015/016,view detail
160,H1613,Satdobato North,28708,12864,27691,19768,2016/017,view detail
160,H1613,Satdobato North,60174,25665,56555,39300,2018/019,view detail
160,NH39-014,Satdobato North,64749,25318,55180,35463,2020/021,view detail
160,NH39-014,Satdobato North,78318,28301,64965,39956,2021/022,view detail
